video_id,title,shorts_url,isLive,membersOnly,evidence
-t3DQ4tqq4c,【検証】1月1日からほぼ毎日shortsをあげた結果…… #shorts #vtuber,https://www.youtube.com/shorts/-t3DQ4tqq4c,False,False,youtube_channel_shorts_tab
kF-xLbE8xKo,恐らくヨリを戻したメイド #Shorts #vtuber,https://www.youtube.com/shorts/kF-xLbE8xKo,False,False,youtube_channel_shorts_tab
WQC9xkp4Zn4,高難易度しりとりの為にコメント欄を統制する必死なVTuber #Shorts #vtuber,https://www.youtube.com/shorts/WQC9xkp4Zn4,False,False,youtube_channel_shorts_tab
fXnNRuN6ez8,クーデレを頑張るメイド #Shorts #vtuber,https://www.youtube.com/shorts/fXnNRuN6ez8,False,False,youtube_channel_shorts_tab
ud4z1Sw6Ajo,装備ミスのショックで小芝居をするVTuber #Shorts #vtuber #グラディウス,https://www.youtube.com/shorts/ud4z1Sw6Ajo,False,False,youtube_channel_shorts_tab
iUZVhMaFIkY,料理の上手いメイド #shorts #vtuber,https://www.youtube.com/shorts/iUZVhMaFIkY,False,False,youtube_channel_shorts_tab
77BqBPhixfg,【アニメ】後出し設定で勝ちヒロインになろうとしているメイド #Shorts #vtuber,https://www.youtube.com/shorts/77BqBPhixfg,False,False,youtube_channel_shorts_tab
7QQcjIhpfAY,30点くらいの物真似VTuber #shorts #vtuber,https://www.youtube.com/shorts/7QQcjIhpfAY,False,False,youtube_channel_shorts_tab
oQhCJhZh9Ns,新衣装のメイド #shorts #vtuber,https://www.youtube.com/shorts/oQhCJhZh9Ns,False,False,youtube_channel_shorts_tab
I5jQ8RRo0r4,激ムズゲーの衝撃の展開に折れるVTuber #shorts #vtuber,https://www.youtube.com/shorts/I5jQ8RRo0r4,False,False,youtube_channel_shorts_tab
IGx4b6yQ664,スーパーマリオUSAのありえない詰み方 #shorts #vtuber #スーパーマリオUSA,https://www.youtube.com/shorts/IGx4b6yQ664,False,False,youtube_channel_shorts_tab
lnQvouNoH8E,アウターヘブンを見つけるMGSファン #Shorts #vtuber  #metalgearsolid,https://www.youtube.com/shorts/lnQvouNoH8E,False,False,youtube_channel_shorts_tab
-5XoZHc1o0c,カスのおねえちゃんではないメイド #shorts  #vtuber,https://www.youtube.com/shorts/-5XoZHc1o0c,False,False,youtube_channel_shorts_tab
W19oKKqokwo,２DShortsのメイド　#Shorts　#vtuber,https://www.youtube.com/shorts/W19oKKqokwo,False,False,youtube_channel_shorts_tab
67HvtozJs-8,【悲報】3DShortsこれでおしまい #shorts #vtuber,https://www.youtube.com/shorts/67HvtozJs-8,False,False,youtube_channel_shorts_tab
1spzbhwvU0Y,運が良かったメイド #shorts #vtuber,https://www.youtube.com/shorts/1spzbhwvU0Y,False,False,youtube_channel_shorts_tab
Fp4ohhWH2G4,ド●パラを刃物専門店だと思っている人part２ #shorts #vtuber,https://www.youtube.com/shorts/Fp4ohhWH2G4,False,False,youtube_channel_shorts_tab
hzYV8rOrATk,訓練兵を煽って普通に負けるうつろ #Shorts #vtuber,https://www.youtube.com/shorts/hzYV8rOrATk,False,False,youtube_channel_shorts_tab
4SKb3qOlCw0,ゆすりのメイド #shorts #vtuber,https://www.youtube.com/shorts/4SKb3qOlCw0,False,False,youtube_channel_shorts_tab
aon35Ciimzg,【質問】VTuberをやめようと思ったことってある？ #shorts #vtuber,https://www.youtube.com/shorts/aon35Ciimzg,False,False,youtube_channel_shorts_tab
qBBs9yibpS8,糸目で関西弁の強キャラ氷室うつお #shorts #vtuber,https://www.youtube.com/shorts/qBBs9yibpS8,False,False,youtube_channel_shorts_tab
nTFEKHKTO94,氷室うつろ３Dのここがすごい！　#shorts #vtuber,https://www.youtube.com/shorts/nTFEKHKTO94,False,False,youtube_channel_shorts_tab
vzGmOfu4Is4,NintendoSwitch2の当落発表を待つメイド #Shorts #vtuber,https://www.youtube.com/shorts/vzGmOfu4Is4,False,False,youtube_channel_shorts_tab
a9_tvdiWZYo,動画がバズってからなんだか遠くにいってしまったメイド #Shorts #vtuber,https://www.youtube.com/shorts/a9_tvdiWZYo,False,False,youtube_channel_shorts_tab
bydS_M-548M,明日3Dお披露目のメイド #shorts #vtuber,https://www.youtube.com/shorts/bydS_M-548M,False,False,youtube_channel_shorts_tab
duhsFhjtmRQ,公私混同をしないメイド #Shorts #vtuber,https://www.youtube.com/shorts/duhsFhjtmRQ,False,False,youtube_channel_shorts_tab
bY8s0gIRa_4,うつろはおもてるようです。 #shorts #vtuber,https://www.youtube.com/shorts/bY8s0gIRa_4,False,False,youtube_channel_shorts_tab
3gsANvjoQCA,企業公式に必死で呼びかけるVTuber #Shorts #vtuber,https://www.youtube.com/shorts/3gsANvjoQCA,False,False,youtube_channel_shorts_tab
edKP-HN7RiQ,健気だけどちょっと怖いメイド #shorts #vtuber,https://www.youtube.com/shorts/edKP-HN7RiQ,False,False,youtube_channel_shorts_tab
ljtiBxhGdpg,ツイートがバズったVTuber #shorts #vtuber,https://www.youtube.com/shorts/ljtiBxhGdpg,False,False,youtube_channel_shorts_tab
qNgQsXj7Kpg,味噌汁とメイド #shorts #vtuber,https://www.youtube.com/shorts/qNgQsXj7Kpg,False,False,youtube_channel_shorts_tab
ySNJ0cu1pAc,駄菓子屋に出没する色々限界そうなお姉さん #Shorts #vtuber,https://www.youtube.com/shorts/ySNJ0cu1pAc,False,False,youtube_channel_shorts_tab
gH9l0AWv52U,ベビーメトロイドを疑っていたVTuberが迎えた衝撃のラスト(ネタバレ注意) #Shorts #vtuber #スーパーメトロイド,https://www.youtube.com/shorts/gH9l0AWv52U,False,False,youtube_channel_shorts_tab
HF4DylHJYbg,【質問】本をいっぱい読むにはどうしたらいいの？　#shorts #vtuber,https://www.youtube.com/shorts/HF4DylHJYbg,False,False,youtube_channel_shorts_tab
q6qfv5qC1OU,下準備のメイド #shorts #vtuber,https://www.youtube.com/shorts/q6qfv5qC1OU,False,False,youtube_channel_shorts_tab
3MwXjViRqOY,とんでもない倒し方を考案してしまうVTuber #shorts #vtuber #ロックマン,https://www.youtube.com/shorts/3MwXjViRqOY,False,False,youtube_channel_shorts_tab
ir5JheFb2FA,信じてるぞのメイド　#shorts # #vtuber,https://www.youtube.com/shorts/ir5JheFb2FA,False,False,youtube_channel_shorts_tab
VgT1McndFgE,ロックマンシリーズに慣れてきたプレイヤーが察してしまうこと #Shorts #vtuber #ロックマン,https://www.youtube.com/shorts/VgT1McndFgE,False,False,youtube_channel_shorts_tab
LyL65QsNFb4,コメント欄で不正を働くVTuber #Shorts #vtuber #イチダントアール,https://www.youtube.com/shorts/LyL65QsNFb4,False,False,youtube_channel_shorts_tab
b9_lbLYpk2M,今やろうと思っていたメイド #shorts #vtuber,https://www.youtube.com/shorts/b9_lbLYpk2M,False,False,youtube_channel_shorts_tab
rTgMV8EZILg,登録者4000人を祝ってほしいメイド #Shorts #vtuber,https://www.youtube.com/shorts/rTgMV8EZILg,False,False,youtube_channel_shorts_tab
V7wTcX9VlSc,七夕のメイド #shorts #vtuber,https://www.youtube.com/shorts/V7wTcX9VlSc,False,False,youtube_channel_shorts_tab
N12H9k_x3C8,あまりにもクソガキすぎるメイド #Shorts #vtuber #ロックマン,https://www.youtube.com/shorts/N12H9k_x3C8,False,False,youtube_channel_shorts_tab
7_6kRy_yzU8,【悲報】Shorts消える #shorts #vtuber,https://www.youtube.com/shorts/7_6kRy_yzU8,False,False,youtube_channel_shorts_tab
habYMTRTB_E,コントローラーの充電が最悪のタイミングで切れる自業自得のVTuber #Shorts #vtuber #スーパーメトロイド,https://www.youtube.com/shorts/habYMTRTB_E,False,False,youtube_channel_shorts_tab
eKywGTigC5g,前向きなメイド　#shorts #vtuber,https://www.youtube.com/shorts/eKywGTigC5g,False,False,youtube_channel_shorts_tab
i1IywSvikZ4,初見殺しの度に桜井政博を疑うVTuber #Shorts #vtuber #スーパーメトロイド,https://www.youtube.com/shorts/i1IywSvikZ4,False,False,youtube_channel_shorts_tab
0BoJAhG2P_U,【質問】どうしてレトロゲームばっかりやってるの？ #Shorts #vtuber,https://www.youtube.com/shorts/0BoJAhG2P_U,False,False,youtube_channel_shorts_tab
77TxhuqXFAA,VTuber界で一番口が立つ女がASMRを熱く語る #Shorts #vtuber #asmr,https://www.youtube.com/shorts/77TxhuqXFAA,False,False,youtube_channel_shorts_tab
EWpVTCjQdZ4,そろそろ一周年のメイド #Shorts #vtuber,https://www.youtube.com/shorts/EWpVTCjQdZ4,False,False,youtube_channel_shorts_tab
UWdao5yzL2Y,NintendoSwitch2の抽選を忘れていたご主人  #Shorts #vtuber #nintendoswitch2,https://www.youtube.com/shorts/UWdao5yzL2Y,False,False,youtube_channel_shorts_tab
vXIqUgeJh8M,恐らく無課金の魔法使い #shorts #vtuber,https://www.youtube.com/shorts/vXIqUgeJh8M,False,False,youtube_channel_shorts_tab
AjAfrWAhgio,【質問】専業VTuberにならないの？ #shorts  #vtuber,https://www.youtube.com/shorts/AjAfrWAhgio,False,False,youtube_channel_shorts_tab
NhZSkXbhHgg,Q、リスナーにしてほしいことってある？　#Shorts #vtuber,https://www.youtube.com/shorts/NhZSkXbhHgg,False,False,youtube_channel_shorts_tab
Z8hNQ2e2oGs,エモくする為にしたことがリスナーに全く刺さらなかったVTuber #Shorts #vtuber #クロノトリガー,https://www.youtube.com/shorts/Z8hNQ2e2oGs,False,False,youtube_channel_shorts_tab
76C4fv6fx4E,Q、どうして広告切ってるの？,https://www.youtube.com/shorts/76C4fv6fx4E,False,False,youtube_channel_shorts_tab
SIed6uBLckg,ご主人様フェチのメイド #shorts #vtuber,https://www.youtube.com/shorts/SIed6uBLckg,False,False,youtube_channel_shorts_tab
vbes66BT_Qw,眼鏡フェチのご主人 #Shorts #vtuber,https://www.youtube.com/shorts/vbes66BT_Qw,False,False,youtube_channel_shorts_tab
wCxdgzT4Trg,おまじないのメイド #shorts #vtuber,https://www.youtube.com/shorts/wCxdgzT4Trg,False,False,youtube_channel_shorts_tab
cDhf6l4gVjg,ゲームでやっていいギリギリの煽り #shorts #vtuber,https://www.youtube.com/shorts/cDhf6l4gVjg,False,False,youtube_channel_shorts_tab
eP8Ue_We7JQ,どうにかしてベジータの人生に食い込もうとする女(ネタバレ注意) #Shorts #vtuber #ドラゴンボールZ,https://www.youtube.com/shorts/eP8Ue_We7JQ,False,False,youtube_channel_shorts_tab
eXt8i-PTMyo,ワギャンランドで最悪の解釈をする駆け出しVTuber #Shorts #vtuber #ワギャンランド,https://www.youtube.com/shorts/eXt8i-PTMyo,False,False,youtube_channel_shorts_tab
eUAW8Yx54I4,模範的なヤンデレ #shorts #vtuber,https://www.youtube.com/shorts/eUAW8Yx54I4,False,False,youtube_channel_shorts_tab
xQVRnqBhZpU,あまりにボコボコにされ感情を失ったVTuber #Shorts #vtuber #ワギャンランド,https://www.youtube.com/shorts/xQVRnqBhZpU,False,False,youtube_channel_shorts_tab
hMVqqLyzgJg,ボーナスステージの車破壊に戸惑うVTuber #Shorts #vtuber #ファイナルファイト,https://www.youtube.com/shorts/hMVqqLyzgJg,False,False,youtube_channel_shorts_tab
n6813qY-7Xc,常日頃から仮装してる感じのカスのおねえちゃん #Shorts #vtuber,https://www.youtube.com/shorts/n6813qY-7Xc,False,False,youtube_channel_shorts_tab
fR1W9yWSyZk,ジューンブライドのメイド #shorts #vtuber,https://www.youtube.com/shorts/fR1W9yWSyZk,False,False,youtube_channel_shorts_tab
R2pVDaNc-zs,実家のメイド #Shorts #vtuber,https://www.youtube.com/shorts/R2pVDaNc-zs,False,False,youtube_channel_shorts_tab
kC2awWJ02mc,ぶいきゃすコレクションうつろの会場放映映像 #Shorts #vtuber,https://www.youtube.com/shorts/kC2awWJ02mc,False,False,youtube_channel_shorts_tab
5Onu0A6UiFs,家具のメイド #Shorts #vtuber,https://www.youtube.com/shorts/5Onu0A6UiFs,False,False,youtube_channel_shorts_tab
orsxMXvKjxI,ベジータとの再会で情緒不安定なVTuber(ネタバレ注意)　 ＃Shorts #vtuber #ドラゴンボールZ,https://www.youtube.com/shorts/orsxMXvKjxI,False,False,youtube_channel_shorts_tab
CbsEWt2vjvQ,ＶＴＲがＵＴＲに見える氷室うつろ #Shorts #vtuber,https://www.youtube.com/shorts/CbsEWt2vjvQ,False,False,youtube_channel_shorts_tab
mA_-ZXnR-d8,ロックマン2でバブルをゴミ扱いしたVTuberの末路 #shorts #vtuber #ロックマン2,https://www.youtube.com/shorts/mA_-ZXnR-d8,False,False,youtube_channel_shorts_tab
fK7I_-zFuJU,弟に寿司を食われる姉の氷室うつろ #Shorts #vtuber,https://www.youtube.com/shorts/fK7I_-zFuJU,False,False,youtube_channel_shorts_tab
CyScWdYptdQ,商業主義に屈してバーガーを作るうつろ #shorts #vtuber,https://www.youtube.com/shorts/CyScWdYptdQ,False,False,youtube_channel_shorts_tab
wJ0cGQoN9hE,初の「流し切りが完全に入ったのに…」を堪能する初見VTuber #Shorts #vtuber  #リベサガ,https://www.youtube.com/shorts/wJ0cGQoN9hE,False,False,youtube_channel_shorts_tab
jw8DtGI_pJM,密かな高難易度ゲーカービィボウルのあまりのシビアさに発狂 #Shorts #vtuber #カービィボウル,https://www.youtube.com/shorts/jw8DtGI_pJM,False,False,youtube_channel_shorts_tab
q025OWrh7K8,これは流石にひどすぎる #shorts #vtuber,https://www.youtube.com/shorts/q025OWrh7K8,False,False,youtube_channel_shorts_tab
ka1G7QJNLwM,インク削減のメイド #shorts #vtuber,https://www.youtube.com/shorts/ka1G7QJNLwM,False,False,youtube_channel_shorts_tab
0yn6zw7B10E,レーシングゲームで執拗に妹を攻撃するクラッシュとうつろ #shorts #vtuber,https://www.youtube.com/shorts/0yn6zw7B10E,False,False,youtube_channel_shorts_tab
oADQO2FPgI8,ガキに煽られてキレるVTuber #Shorts #vtuber,https://www.youtube.com/shorts/oADQO2FPgI8,False,False,youtube_channel_shorts_tab
z3kJSHRMoRY,初見● しにより地獄に叩き落とされるうつろ #Shorts #vtuber,https://www.youtube.com/shorts/z3kJSHRMoRY,False,False,youtube_channel_shorts_tab
NyFK4p47Opc,この迷路にピンときたら #shorts #vtuber,https://www.youtube.com/shorts/NyFK4p47Opc,False,False,youtube_channel_shorts_tab
07ez3r_A5VI,煽りを許さない！？「魔女の家」の特殊演出 #shorts #vtuber #魔女の家,https://www.youtube.com/shorts/07ez3r_A5VI,False,False,youtube_channel_shorts_tab
Zx2OC2TcqP0,先入観のメイド #Shorts #vtuber,https://www.youtube.com/shorts/Zx2OC2TcqP0,False,False,youtube_channel_shorts_tab
GDsowOiZH08,気弾一発で号泣しベジータを許すちょろいVTuber(セルゲームネタバレ注意) ＃Shorts #vtuber #ドラゴンボールZ,https://www.youtube.com/shorts/GDsowOiZH08,False,False,youtube_channel_shorts_tab
PQEx4uiCioU,戦っている時の発言に癖がありすぎるメイド #Shorts #vtuber,https://www.youtube.com/shorts/PQEx4uiCioU,False,False,youtube_channel_shorts_tab
ytWWRYnkZl8,今だけのペプシを飲むのに必死なミニうつろ #Shorts #vtuber,https://www.youtube.com/shorts/ytWWRYnkZl8,False,False,youtube_channel_shorts_tab
yV2Rfn_dMj8,バレンタインに全てを賭けてきたメイド ＃Shorts #vtuber,https://www.youtube.com/shorts/yV2Rfn_dMj8,False,False,youtube_channel_shorts_tab
9hEgynHo8nM,【質問】「氷室うつろ」の意味は？ #shorts #vtuber,https://www.youtube.com/shorts/9hEgynHo8nM,False,False,youtube_channel_shorts_tab
eJAl3nSyaMw,明日で販売終了のぬっさん #Shorts #vtuber,https://www.youtube.com/shorts/eJAl3nSyaMw,False,False,youtube_channel_shorts_tab
sfKiw989Oi0,実はロボットのメイド #Shorts #vtuber,https://www.youtube.com/shorts/sfKiw989Oi0,False,False,youtube_channel_shorts_tab
j2vJH8CFn68,みんなで推理の神ヒントで正解を当てるリスナー #Shorts #vtuber,https://www.youtube.com/shorts/j2vJH8CFn68,False,False,youtube_channel_shorts_tab
4B_7K5ovgLM,MGSの尖った演出にビビり倒す氷室うつろ #Shorts #vtuber,https://www.youtube.com/shorts/4B_7K5ovgLM,False,False,youtube_channel_shorts_tab
qWF09C1uUG8,詳しいメイド #shorts #vtuber,https://www.youtube.com/shorts/qWF09C1uUG8,False,False,youtube_channel_shorts_tab
zUvqPMNqNIM,集合写真のウェスカーに動揺するVTuber #Shorts #vtuber,https://www.youtube.com/shorts/zUvqPMNqNIM,False,False,youtube_channel_shorts_tab
mHNCIMU_WL0,【p.i.】身バレせずルームツアーする最新ホラーゲームが面白い　＃shorts,https://www.youtube.com/shorts/mHNCIMU_WL0,False,False,youtube_channel_shorts_tab
D6XX2JJeuww,4月2日のメイド #shorts #vtuber,https://www.youtube.com/shorts/D6XX2JJeuww,False,False,youtube_channel_shorts_tab
545EWSDtoso,負けても諦めないメイド #shorts #vtuber,https://www.youtube.com/shorts/545EWSDtoso,False,False,youtube_channel_shorts_tab
RapWw_3pfFk,ちょっとめんどくさいメイド #shorts #vtuber,https://www.youtube.com/shorts/RapWw_3pfFk,False,False,youtube_channel_shorts_tab
achaGrIn8Z8,無くなってしまったアイス「ダブルソーダ」　#Shorts #vtuber,https://www.youtube.com/shorts/achaGrIn8Z8,False,False,youtube_channel_shorts_tab
hW5sobz3OjU,初代バイオであまりにもバリーを許せないVTuber #Shorts #vtuber,https://www.youtube.com/shorts/hW5sobz3OjU,False,False,youtube_channel_shorts_tab
a8Vc8j-jsKE,お盆休みが無いメイド #Shorts #vtuber,https://www.youtube.com/shorts/a8Vc8j-jsKE,False,False,youtube_channel_shorts_tab
xXPNmcD_TXg,魔界村が二周あると知って絶望するVtuber　＃shorts #切り抜き ＃超魔界村,https://www.youtube.com/shorts/xXPNmcD_TXg,False,False,youtube_channel_shorts_tab
KEiaYok-KYg,正しいサキュバスのメイド#shorts #vtuber,https://www.youtube.com/shorts/KEiaYok-KYg,False,False,youtube_channel_shorts_tab
O2SR07IYgtI,隙あらば不老不死マウントのメイド　#Shorts #vtuber,https://www.youtube.com/shorts/O2SR07IYgtI,False,False,youtube_channel_shorts_tab
_1KbLkuvuEQ,大手にも負けない超技術！今のLive2Dはここまですごい！ #shorts #vtuber,https://www.youtube.com/shorts/_1KbLkuvuEQ,False,False,youtube_channel_shorts_tab
mv0jFaM_q5s,2.0になるメイド #Shorts #vtuber,https://www.youtube.com/shorts/mv0jFaM_q5s,False,False,youtube_channel_shorts_tab
O8lPAj_CkHI,怪しくないのにそういう関係だったメイド　#shorts #vtuber,https://www.youtube.com/shorts/O8lPAj_CkHI,False,False,youtube_channel_shorts_tab
RFsF-kAAOSs,父親が個人的に雇っていた怪しいメイド #shorts #vtuber,https://www.youtube.com/shorts/RFsF-kAAOSs,False,False,youtube_channel_shorts_tab
aw4P5jfzgHo,「えー！婚約者さんきびしー！」のメイド #Shorts #vtuber,https://www.youtube.com/shorts/aw4P5jfzgHo,False,False,youtube_channel_shorts_tab
b6Ss8A7BoX8,ミニうつろがココアさんを持ってきたよ！ #Shorts #vtuber,https://www.youtube.com/shorts/b6Ss8A7BoX8,False,False,youtube_channel_shorts_tab
1-9YsBNmOi0,レトロゲーマーのジェネレーションギャップ #Shorts #vtuber,https://www.youtube.com/shorts/1-9YsBNmOi0,False,False,youtube_channel_shorts_tab
vgE80Jp0CXc,VTuberがデビューしたての頃勘違いしていたこと #shorts #vtuber,https://www.youtube.com/shorts/vgE80Jp0CXc,False,False,youtube_channel_shorts_tab
girG3xT2CS8,「ねっちゅうしょう」って言ってくれるVTuber #shorts #vtuber,https://www.youtube.com/shorts/girG3xT2CS8,False,False,youtube_channel_shorts_tab
GWopGK1Lje8,リスナーの結婚式に呼ばれようとするVTuber #shorts #vtuber,https://www.youtube.com/shorts/GWopGK1Lje8,False,False,youtube_channel_shorts_tab
XlLCyPjFOCc,龍が如くのポケサーを楽しみ尽くすうつろ #shorts #vtuber,https://www.youtube.com/shorts/XlLCyPjFOCc,False,False,youtube_channel_shorts_tab
16jpUCMhujg,やってなさそうなメイド #shorts #vtuber,https://www.youtube.com/shorts/16jpUCMhujg,False,False,youtube_channel_shorts_tab
cldXyLaizHE,オセロをチェスのパクリだと思っているメイド #Shorts #vtuber,https://www.youtube.com/shorts/cldXyLaizHE,False,False,youtube_channel_shorts_tab
K1oBkR8RLx8,露出の高いメイド #shorts #vtuber,https://www.youtube.com/shorts/K1oBkR8RLx8,False,False,youtube_channel_shorts_tab
l80JttpfmuU,未来からきたメイド #shorts #vtuber,https://www.youtube.com/shorts/l80JttpfmuU,False,False,youtube_channel_shorts_tab
hiyzz6TT9Dc,反省のメイド #shorts #vtuber,https://www.youtube.com/shorts/hiyzz6TT9Dc,False,False,youtube_channel_shorts_tab
xY4bq3ReHTg,おうち３Dのメイド #shorts #vtuber,https://www.youtube.com/shorts/xY4bq3ReHTg,False,False,youtube_channel_shorts_tab
ao7lCD14-C4,弱いやつはTKBを出せない #shorts #vtuber,https://www.youtube.com/shorts/ao7lCD14-C4,False,False,youtube_channel_shorts_tab
G38YE9JKbEE,ライトで精神が壊れるうつろ #shorts #vtuber,https://www.youtube.com/shorts/G38YE9JKbEE,False,False,youtube_channel_shorts_tab
BQdS67uWGC8,ポジティブなご主人 #shorts #vtuber,https://www.youtube.com/shorts/BQdS67uWGC8,False,False,youtube_channel_shorts_tab
0K55trel2iI,うつろはまだまだおもてるようです。 #shorts #vtuber,https://www.youtube.com/shorts/0K55trel2iI,False,False,youtube_channel_shorts_tab
SJXYQDomT0E,セーブのメイド #shorts #vtuber,https://www.youtube.com/shorts/SJXYQDomT0E,False,False,youtube_channel_shorts_tab
Gdp8mkYCBhw,なんかこれはこれでよさそうなメイド #shorts #vtuber,https://www.youtube.com/shorts/Gdp8mkYCBhw,False,False,youtube_channel_shorts_tab
23uYM3vDhAc,不同意のメイド #shorts #vtuber,https://www.youtube.com/shorts/23uYM3vDhAc,False,False,youtube_channel_shorts_tab
MDMt1G6faGo,VTuber業界にしがみつくVTuber #Shorts #vtuber,https://www.youtube.com/shorts/MDMt1G6faGo,False,False,youtube_channel_shorts_tab
PXX9hoUCQY0,低気圧に弱いご主人様 #shorts  #vtuber,https://www.youtube.com/shorts/PXX9hoUCQY0,False,False,youtube_channel_shorts_tab
cu4EvmCecNQ,羽をなくした衝撃で譫言を言ううつろ #shorts #vtuber,https://www.youtube.com/shorts/cu4EvmCecNQ,False,False,youtube_channel_shorts_tab
f6NuVl93Pl0,人生初！！初代スーパーマリオブラザーズクリアの時 #shorts #vtuber,https://www.youtube.com/shorts/f6NuVl93Pl0,False,False,youtube_channel_shorts_tab
QZ0jSv580FQ,バブみを頑張るメイド #shorts #vtuber,https://www.youtube.com/shorts/QZ0jSv580FQ,False,False,youtube_channel_shorts_tab
--0nf5Eu30U,リスナーのリクエストに全力で応えるVTuber #shorts #vtuber,https://www.youtube.com/shorts/--0nf5Eu30U,False,False,youtube_channel_shorts_tab
NSyJdsQNEQs,メダルゲームの攻略法を知っているカスのおねえさん #Shorts #vtuber,https://www.youtube.com/shorts/NSyJdsQNEQs,False,False,youtube_channel_shorts_tab
sTk3rDl7b0A,カスの嘘をついてるVTuber #shorts #vtuber #タワマン,https://www.youtube.com/shorts/sTk3rDl7b0A,False,False,youtube_channel_shorts_tab
vVCdditk2bI,【VOMIC】近所の駄菓子屋にいるカスのおねえちゃんリターンズ #shorts #vtuber,https://www.youtube.com/shorts/vVCdditk2bI,False,False,youtube_channel_shorts_tab
fHeZEUJ1JCU,入れ替えのメイド #shorts #vtuber,https://www.youtube.com/shorts/fHeZEUJ1JCU,False,False,youtube_channel_shorts_tab
dkzkaIoczn0,【質問】どうして誕生日に12時間雑談なの？,https://www.youtube.com/shorts/dkzkaIoczn0,False,False,youtube_channel_shorts_tab
wNRHiWe20Uk,初メイド #shorts #vtuber,https://www.youtube.com/shorts/wNRHiWe20Uk,False,False,youtube_channel_shorts_tab
AP69WMzWcRE,浮かれててダルいメイド #shorts #vtuber,https://www.youtube.com/shorts/AP69WMzWcRE,False,False,youtube_channel_shorts_tab
FkEylmVg1rY,話題のタイミングが悪いメイド #shorts #vtuber,https://www.youtube.com/shorts/FkEylmVg1rY,False,False,youtube_channel_shorts_tab
nbow0P1QBs8,恐らくご主人様と別れたメイド #Shorts #vtuber,https://www.youtube.com/shorts/nbow0P1QBs8,False,False,youtube_channel_shorts_tab
E2K2C-VaJnk,言葉のタイミングが悪いメイド #shorts #vtuber,https://www.youtube.com/shorts/E2K2C-VaJnk,False,False,youtube_channel_shorts_tab
mRE89hW2L_o,恐らくご主人様と付き合い始めたメイド #shorts #vtuber,https://www.youtube.com/shorts/mRE89hW2L_o,False,False,youtube_channel_shorts_tab
y6DdzJSZH1c,スプラッターハウス最悪の初見●しに引っかかるVTuber #shorts #vtuber,https://www.youtube.com/shorts/y6DdzJSZH1c,False,False,youtube_channel_shorts_tab
KIGXyxPYYMQ,これは処刑されてしまいます…… #shorts #vtuber,https://www.youtube.com/shorts/KIGXyxPYYMQ,False,False,youtube_channel_shorts_tab
n45I8yuJ96E,プレゼント交換を申し出るカスのおねえちゃん　#shorts #vtuber,https://www.youtube.com/shorts/n45I8yuJ96E,False,False,youtube_channel_shorts_tab
XNH_tbfpnA4,半分雪女のメイド #shorts #vtuber,https://www.youtube.com/shorts/XNH_tbfpnA4,False,False,youtube_channel_shorts_tab
ApD1NtF9HMw,お盆休みのメイド #shorts #vtuber,https://www.youtube.com/shorts/ApD1NtF9HMw,False,False,youtube_channel_shorts_tab
kgnmoF_M0Ps,サンタさんを信じているメイド #shorts #vtuber,https://www.youtube.com/shorts/kgnmoF_M0Ps,False,False,youtube_channel_shorts_tab
uSXrMMQcRKg,ワギャンに「命」の限界を教えようとするVTuber #shorts #vtuber,https://www.youtube.com/shorts/uSXrMMQcRKg,False,False,youtube_channel_shorts_tab
kHNUN_bApRE,ドラクエ2のあまりに厳しすぎる沈没船の宝 #shorts #vtuber,https://www.youtube.com/shorts/kHNUN_bApRE,False,False,youtube_channel_shorts_tab
7O2mbfJouqg,ワギャンの弱さを嘆き小芝居をするVTuber #shorts #vtuber,https://www.youtube.com/shorts/7O2mbfJouqg,False,False,youtube_channel_shorts_tab
_1NAnUDi7pg,恐らく初めてではないVTuber #shorts #vtuber,https://www.youtube.com/shorts/_1NAnUDi7pg,False,False,youtube_channel_shorts_tab
SqREwCMviZw,初見で気づける？この新衣装の作りこみがすごい！ #Shorts #vtuber,https://www.youtube.com/shorts/SqREwCMviZw,False,False,youtube_channel_shorts_tab
ZXnKO5ewHk0,モノマネに才能を発揮する氷室うつろ #Shorts #vtuber,https://www.youtube.com/shorts/ZXnKO5ewHk0,False,False,youtube_channel_shorts_tab
e4OMgXtojBo,なんか危険なメイド #shorts #vtuber,https://www.youtube.com/shorts/e4OMgXtojBo,False,False,youtube_channel_shorts_tab
6Zj9zWFE4a4,励ましの気持ちは伝わってくるメイド #shorts #vtuber,https://www.youtube.com/shorts/6Zj9zWFE4a4,False,False,youtube_channel_shorts_tab
42QNP91l2PM,ツンデレを頑張るメイド #shorts #vtuber,https://www.youtube.com/shorts/42QNP91l2PM,False,False,youtube_channel_shorts_tab
iPPqkbSB3Xo,明らかに間違った選択をするVTuber #shorts #vtuber #6つの金貨,https://www.youtube.com/shorts/iPPqkbSB3Xo,False,False,youtube_channel_shorts_tab
aWMKoXwptYA,ドラクエ4でトルネコを採用していたキッズっている？ #shorts #vtuber #ドラクエ,https://www.youtube.com/shorts/aWMKoXwptYA,False,False,youtube_channel_shorts_tab
PnBINm9bPVw,奇跡的な確率で冒険を拒むトルネコ #shorts #vtuber  #ドラクエ,https://www.youtube.com/shorts/PnBINm9bPVw,False,False,youtube_channel_shorts_tab
DqqU7pOACuU,敵に触れた瞬間1ミスの超高難易度ゲームで感情が壊れるVTuber #shorts #vtuber,https://www.youtube.com/shorts/DqqU7pOACuU,False,False,youtube_channel_shorts_tab
RcwUJk3zV0c,ゲリラ豪雨のメイド #shorts #vtuber,https://www.youtube.com/shorts/RcwUJk3zV0c,False,False,youtube_channel_shorts_tab
8TC7fmxVu0I,実況のクセが強すぎるVTuber #shorts #vtuber #グラディウス,https://www.youtube.com/shorts/8TC7fmxVu0I,False,False,youtube_channel_shorts_tab
7XOWWcPQFgU,ラッシュでズルをする氷室うつろ #Shorts #vtuber,https://www.youtube.com/shorts/7XOWWcPQFgU,False,False,youtube_channel_shorts_tab
iZYfOnQCzyI,緊張感のあるメイド #shorts #vtuber,https://www.youtube.com/shorts/iZYfOnQCzyI,False,False,youtube_channel_shorts_tab
cJaztKU_XVM,キッズにフルーツの森を買ってくれるカスのおねえちゃん #shorts #vtuber,https://www.youtube.com/shorts/cJaztKU_XVM,False,False,youtube_channel_shorts_tab
FJQYs26N-l0,キッズにポケモンとメダロットを貸してあげる優しいカスのおねえちゃん #shorts #vtuber,https://www.youtube.com/shorts/FJQYs26N-l0,False,False,youtube_channel_shorts_tab
AVYNm83QKOw,「男の証明」を見せるうつろ #Shorts #vtuber,https://www.youtube.com/shorts/AVYNm83QKOw,False,False,youtube_channel_shorts_tab
9mTtytlvJeA,金のかかった機体を壊される悪の金持ち #Shorts #vtuber #グラディウス,https://www.youtube.com/shorts/9mTtytlvJeA,False,False,youtube_channel_shorts_tab
EtcsJzWA00E,滑らかに適当な嘘を吐くVTuber氷室うつろ #shorts #vtuber,https://www.youtube.com/shorts/EtcsJzWA00E,False,False,youtube_channel_shorts_tab
4QlmmyQTIac,【質問】事務所入ってよかった？ #shorts #vtuber,https://www.youtube.com/shorts/4QlmmyQTIac,False,False,youtube_channel_shorts_tab
zNonsjtBJdk,ドス●ラを刃物専門店だと思っている人 #shorts #vtuber,https://www.youtube.com/shorts/zNonsjtBJdk,False,False,youtube_channel_shorts_tab
qZb8D-QnwTo,今度やったらコレですからね #shorts #vtuber,https://www.youtube.com/shorts/qZb8D-QnwTo,False,False,youtube_channel_shorts_tab
ipjLs_wttnI,みんなとSwitch2の当選結果を見るVTuber #Shorts #vtuber #switch2,https://www.youtube.com/shorts/ipjLs_wttnI,False,False,youtube_channel_shorts_tab
ly3o3FcoeDU,たとえ生配信でも即カスのおねえちゃんになれる氷室うつろ #Shorts #vtuber,https://www.youtube.com/shorts/ly3o3FcoeDU,False,False,youtube_channel_shorts_tab
rsI0j4KPUKI,サブウェイに行くガキに厳しいうつろ #shorts #vtuber,https://www.youtube.com/shorts/rsI0j4KPUKI,False,False,youtube_channel_shorts_tab
Wyiir1VjLF8,これが桜井政博の天才的な罠の作り方だ #Shorts #vtuber,https://www.youtube.com/shorts/Wyiir1VjLF8,False,False,youtube_channel_shorts_tab
j1PPyn1CsFQ,３D料金　#shorts #vtuber,https://www.youtube.com/shorts/j1PPyn1CsFQ,False,False,youtube_channel_shorts_tab
60H2gyJ7d2g,わざわざキッズにデカいカブトムシを自慢しにくるカスのおねえちゃん #Shorts #vtuber,https://www.youtube.com/shorts/60H2gyJ7d2g,False,False,youtube_channel_shorts_tab
aB-0u1-3Skk,桜井政博の巧妙な罠に翻弄されるVTuber #Shorts #vtuber,https://www.youtube.com/shorts/aB-0u1-3Skk,False,False,youtube_channel_shorts_tab
VCjwGDugFTM,不老不死のメイドと勝負 #shorts #vtuber,https://www.youtube.com/shorts/VCjwGDugFTM,False,False,youtube_channel_shorts_tab
i8WDP2atpiE,ゲームに飽きたメイド #Shorts #vtuber,https://www.youtube.com/shorts/i8WDP2atpiE,False,False,youtube_channel_shorts_tab
4oTUaJMl0hw,うつロス #Shorts #vtuber,https://www.youtube.com/shorts/4oTUaJMl0hw,False,False,youtube_channel_shorts_tab
aFWJUnExEeM,キッズを説得するカスのおねえちゃん #Shorts #vtuber #メタルスラッグ,https://www.youtube.com/shorts/aFWJUnExEeM,False,False,youtube_channel_shorts_tab
_FBND62VUvQ,【質問】Shortsを作るのにどれくらいかかる　＃Shorts #vtuber,https://www.youtube.com/shorts/_FBND62VUvQ,False,False,youtube_channel_shorts_tab
eRo49BcJ3jk,ゲーマーVTuberのプライドが折れる時 #Shorts #vtuber #がんばれゴエモン2奇天烈将軍マッギネス,https://www.youtube.com/shorts/eRo49BcJ3jk,False,False,youtube_channel_shorts_tab
zKuRak_p1es,マジでダルいメイド #shorts #vtuber,https://www.youtube.com/shorts/zKuRak_p1es,False,False,youtube_channel_shorts_tab
ZtujuHa0eOc,えっちなマッサージの切り抜き伸びすぎ #shorts #vtuber,https://www.youtube.com/shorts/ZtujuHa0eOc,False,False,youtube_channel_shorts_tab
iSkp4XhALlg,戦闘民族「サイヤ人」を見てショックを受ける完全初見VTuber #Shorts #vtuber #ドラゴンボールZ,https://www.youtube.com/shorts/iSkp4XhALlg,False,False,youtube_channel_shorts_tab
3GzoAgd8BwQ,媚びの足りないマスコットのぬっさん #shorts  #vtuber,https://www.youtube.com/shorts/3GzoAgd8BwQ,False,False,youtube_channel_shorts_tab
YoAV6gfqDR0,【質問】どうしてリスナーのことそんなに覚えてるの？ #Shorts #vtuber,https://www.youtube.com/shorts/YoAV6gfqDR0,False,False,youtube_channel_shorts_tab
X-MwGTe45LI,二年目のメイド　#shorts # #vtuber,https://www.youtube.com/shorts/X-MwGTe45LI,False,False,youtube_channel_shorts_tab
ezgJsadZezg,雑ヤンデレ正妻系ラオウメイドVTuber #Shorts #vtuber #クロノトリガー,https://www.youtube.com/shorts/ezgJsadZezg,False,False,youtube_channel_shorts_tab
L9IjdbkyBTA,明らかに疑惑の判定な早口言葉で勝つうつろ #shorts #vtuber,https://www.youtube.com/shorts/L9IjdbkyBTA,False,False,youtube_channel_shorts_tab
bbNolul4Wrs,NintendoSwitch２の抽選に絶対に勝つ方法を編み出したメイド #Shorts #vtuber #nintendoswitch2,https://www.youtube.com/shorts/bbNolul4Wrs,False,False,youtube_channel_shorts_tab
R9fOYNxAa0E,【質問】どうしてこんなに体力があるの？ #Shorts #vtuber,https://www.youtube.com/shorts/R9fOYNxAa0E,False,False,youtube_channel_shorts_tab
s65q6naUiew,銀行強盗への説得がダルすぎるカス姉 #Shorts #vtuber,https://www.youtube.com/shorts/s65q6naUiew,False,False,youtube_channel_shorts_tab
B5G3xCFZdHo,逆さ吊りのメイド #shorts #vtuber,https://www.youtube.com/shorts/B5G3xCFZdHo,False,False,youtube_channel_shorts_tab
oM611wdxhOo,長命種の彼女 #shorts #vtuber,https://www.youtube.com/shorts/oM611wdxhOo,False,False,youtube_channel_shorts_tab
Vy6lpAuFnz8,エモいことを言った後急に冷静になるVTuber #Shorts #vtuber #レトロゲーム,https://www.youtube.com/shorts/Vy6lpAuFnz8,False,False,youtube_channel_shorts_tab
b1fFsU1Y0n8,【質問】睡眠時間どうなってるの？ #Shorts #vtuber,https://www.youtube.com/shorts/b1fFsU1Y0n8,False,False,youtube_channel_shorts_tab
ertrrm-ITMI,クロノ・トリガーの王国裁判VS邪悪なメイド(ネタバレ注意) #Shorts #vtuber #クロノトリガー,https://www.youtube.com/shorts/ertrrm-ITMI,False,False,youtube_channel_shorts_tab
hUJwPMAPAMY,エイプリルフールではちゃめちゃになるメイド #Shorts #vtuber,https://www.youtube.com/shorts/hUJwPMAPAMY,False,False,youtube_channel_shorts_tab
_rw84xl_Fto,【質問】なんで設定がメイドなの？ #Shorts #vtuber,https://www.youtube.com/shorts/_rw84xl_Fto,False,False,youtube_channel_shorts_tab
v_oG58RgwOw,高難易度ゲームをバグで突破出来そうになりリスナーの様子を窺うメイド #Shorts #vtuber #レトロゲーム,https://www.youtube.com/shorts/v_oG58RgwOw,False,False,youtube_channel_shorts_tab
F3mwpiM1qzo,めちゃくちゃポッキーの日のメイド #Shorts #vtuber,https://www.youtube.com/shorts/F3mwpiM1qzo,False,False,youtube_channel_shorts_tab
MXSuo-aBf6s,このゲーム知ってる？伝説の謎ゲーに翻弄されるVTuber #Shorts #vtuber #レトロゲーム,https://www.youtube.com/shorts/MXSuo-aBf6s,False,False,youtube_channel_shorts_tab
XJ8HVMsBAb8,翻訳のメイド #shorts #vtuber,https://www.youtube.com/shorts/XJ8HVMsBAb8,False,False,youtube_channel_shorts_tab
F39lfvguR0U,無能な仲間のせいで感情が消し飛んでしまったVTuber #Shorts #vtuber #スターフォックス64,https://www.youtube.com/shorts/F39lfvguR0U,False,False,youtube_channel_shorts_tab
dgsbutX_It0,秋にアイスを食べるカスのおねえちゃん #Shorts #vtuber,https://www.youtube.com/shorts/dgsbutX_It0,False,False,youtube_channel_shorts_tab
1L3bn4sb0vk,謎解きギミックをバグで破壊してしまうVTuber #Shorts #vtuber #マリオ3,https://www.youtube.com/shorts/1L3bn4sb0vk,False,False,youtube_channel_shorts_tab
730zZr0wy2A,アンケートのメイド #Shorts #vtuber,https://www.youtube.com/shorts/730zZr0wy2A,False,False,youtube_channel_shorts_tab
LgDIOI_YUMo,クズのくせになんかヒロインっぽいメイド #Shorts #vtuber,https://www.youtube.com/shorts/LgDIOI_YUMo,False,False,youtube_channel_shorts_tab
53ODnbxQirQ,火事場泥棒が出来るというワザップに騙された者の末路(ネタバレ注意)　＃Shorts　＃vtuber #リベサガ,https://www.youtube.com/shorts/53ODnbxQirQ,False,False,youtube_channel_shorts_tab
jWBiV0JBltc,連打万能説うつろ #shorts #vtuber,https://www.youtube.com/shorts/jWBiV0JBltc,False,False,youtube_channel_shorts_tab
YAAkMxPe7-M,ネタバレされようと無敵 #shorts #vtuber,https://www.youtube.com/shorts/YAAkMxPe7-M,False,False,youtube_channel_shorts_tab
lQu-kJVgvo8,良い推しの日とメイド #Shorts #vtuber,https://www.youtube.com/shorts/lQu-kJVgvo8,False,False,youtube_channel_shorts_tab
UgseXS3i4Yw,成長中のメイド　#shorts #vtuber,https://www.youtube.com/shorts/UgseXS3i4Yw,False,False,youtube_channel_shorts_tab
1Tnfl6Y3CqU,寿命とメイド #Shorts #vtuber,https://www.youtube.com/shorts/1Tnfl6Y3CqU,False,False,youtube_channel_shorts_tab
YFqXn4IFkt4,こうなることって知ってました？ #shorts #vtuber,https://www.youtube.com/shorts/YFqXn4IFkt4,False,False,youtube_channel_shorts_tab
AIe8Vz7mQHw,ぬいとご主人 #Shorts #vtuber,https://www.youtube.com/shorts/AIe8Vz7mQHw,False,False,youtube_channel_shorts_tab
iZCET7SjZwk,「大きくなったら結婚する！」のおねショタ #shorts #vtuber,https://www.youtube.com/shorts/iZCET7SjZwk,False,False,youtube_channel_shorts_tab
GISTwl8oROg,ハロウィンのメイド #Shorts #vtuber,https://www.youtube.com/shorts/GISTwl8oROg,False,False,youtube_channel_shorts_tab
luSWzVVTyB0,あまりにも必死 #shorts #vtuber,https://www.youtube.com/shorts/luSWzVVTyB0,False,False,youtube_channel_shorts_tab
HdU0RxMeX9o,テクニカルにガキを煽る近所のカスお姉ちゃん #Shorts #vtuber #ファイナルファイト,https://www.youtube.com/shorts/HdU0RxMeX9o,False,False,youtube_channel_shorts_tab
DgTKKxm5cvs,休みのメイド #Shorts #vtuber,https://www.youtube.com/shorts/DgTKKxm5cvs,False,False,youtube_channel_shorts_tab
1JwK9wJRcbo,もうやり直したくないよ〜！　#shorts #vtuber #海腹川背,https://www.youtube.com/shorts/1JwK9wJRcbo,False,False,youtube_channel_shorts_tab
jow_SQoa7fo,ワギャンランドの理不尽すぎるしりとりに翻弄されるVTuber #Shorts #vtuber #ワギャンランド,https://www.youtube.com/shorts/jow_SQoa7fo,False,False,youtube_channel_shorts_tab
SEejC5wyo2w,ブウを知らない人間が最初に驚くことこれ説(ネタバレ注意)　#Shorts #vtuber #ドラゴンボールZ,https://www.youtube.com/shorts/SEejC5wyo2w,False,False,youtube_channel_shorts_tab
O32bkDkdeZs,ベジータの家族会話で心が壊れたVTuber(ネタバレ注意) ＃Shorts #vtuber #ドラゴンボールZ,https://www.youtube.com/shorts/O32bkDkdeZs,False,False,youtube_channel_shorts_tab
BTRCaA1u8XQ,ジューンブライドボイスが出るメイド #shorts #vtuber,https://www.youtube.com/shorts/BTRCaA1u8XQ,False,False,youtube_channel_shorts_tab
sxaBN8RiSVM,初めてスノーロイヤルを食べた氷室うつろ #Shorts #vtuber,https://www.youtube.com/shorts/sxaBN8RiSVM,False,False,youtube_channel_shorts_tab
0A91go2Kew0,べジータに狂った女、魔人ベジータと出会う(ネタバレ注意)  ＃Shorts #vtuber #ドラゴンボールZ,https://www.youtube.com/shorts/0A91go2Kew0,False,False,youtube_channel_shorts_tab
hV0qc_SAFBA,ミームの百貨店氷室うつろ #Shorts #vtuber,https://www.youtube.com/shorts/hV0qc_SAFBA,False,False,youtube_channel_shorts_tab
vv3lbjUmO8k,一心同体のメイド #shorts #vtuber,https://www.youtube.com/shorts/vv3lbjUmO8k,False,False,youtube_channel_shorts_tab
2J0OyL083ms,FFの厳しい仕様に翻弄されるVTuber #Shorts #vtuber,https://www.youtube.com/shorts/2J0OyL083ms,False,False,youtube_channel_shorts_tab
6DrarnRUpio,キッズに大人気のレトロゲーVTuber #Shorts #vtuber #魂斗羅,https://www.youtube.com/shorts/6DrarnRUpio,False,False,youtube_channel_shorts_tab
KrStrr_h5gw,流れるようにカスの嘘をつくメイドVTuber #shorts #vtuber #魂斗羅,https://www.youtube.com/shorts/KrStrr_h5gw,False,False,youtube_channel_shorts_tab
Onb8VMC5ivo,救済ある！救済あるよ！！ #shorts #vtuber,https://www.youtube.com/shorts/Onb8VMC5ivo,False,False,youtube_channel_shorts_tab
bgKHi79aupM,知ってる？禁断のゲーム「ジーコサッカー」＃Shorts ＃VTuber ＃ジーコサッカー,https://www.youtube.com/shorts/bgKHi79aupM,False,False,youtube_channel_shorts_tab
yklC2dapMLU,誰に配信を見られても恥ずかしくないうつろ #Shorts #vtuber,https://www.youtube.com/shorts/yklC2dapMLU,False,False,youtube_channel_shorts_tab
FmeP8h-Acy8,不安ダースの犬 #shorts #vtuber,https://www.youtube.com/shorts/FmeP8h-Acy8,False,False,youtube_channel_shorts_tab
Evj7Uk4mi-k,ベジータ好きがなんか恥ずかしい女(ネタバレ注意)　 ＃Shorts #vtuber #ドラゴンボールZ,https://www.youtube.com/shorts/Evj7Uk4mi-k,False,False,youtube_channel_shorts_tab
6Xl3w4Zlhag,ラッコと張り合うVTuber,https://www.youtube.com/shorts/6Xl3w4Zlhag,False,False,youtube_channel_shorts_tab
uG210x-ucL8,未来が見えるメイド #shorts #vtuber,https://www.youtube.com/shorts/uG210x-ucL8,False,False,youtube_channel_shorts_tab
a3mn3LjCQDM,メガシンカのメイド #Shorts #vtuber,https://www.youtube.com/shorts/a3mn3LjCQDM,False,False,youtube_channel_shorts_tab
E4XtH4vSCEU,まだ「初コメ」リマスターしてないんですか？ #shorts #vtuber,https://www.youtube.com/shorts/E4XtH4vSCEU,False,False,youtube_channel_shorts_tab
f3N0WHbC54I,近所のゲーセンのカスのお姉ちゃん  #Shorts #vtuber #メタルスラッグ,https://www.youtube.com/shorts/f3N0WHbC54I,False,False,youtube_channel_shorts_tab
RisD786M8wE,同居のメイド #shorts #vtuber,https://www.youtube.com/shorts/RisD786M8wE,False,False,youtube_channel_shorts_tab
njU_4eRj78w,ガキに厳しいレトロゲーマー #Shorts #vtuber #メタルスラッグ,https://www.youtube.com/shorts/njU_4eRj78w,False,False,youtube_channel_shorts_tab
e_7a4Hu6bks,指示厨のメイド #shorts #vtuber,https://www.youtube.com/shorts/e_7a4Hu6bks,False,False,youtube_channel_shorts_tab
Ylx4SKhz6Wk,とんでもないものに散財する氷室姉弟 #Shorts #vtuber,https://www.youtube.com/shorts/Ylx4SKhz6Wk,False,False,youtube_channel_shorts_tab
We5H0yF9Lm8,ズルをゆるさないロックマン2のドラゴンの鬼仕様 #Shorts #ロックマン2,https://www.youtube.com/shorts/We5H0yF9Lm8,False,False,youtube_channel_shorts_tab
4jn7-wVdeJQ,５２６の日　#shorts #vtuber,https://www.youtube.com/shorts/4jn7-wVdeJQ,False,False,youtube_channel_shorts_tab
AF4FANeZ_fM,同居ボイスが出るメイド #Shorts #vtuber,https://www.youtube.com/shorts/AF4FANeZ_fM,False,False,youtube_channel_shorts_tab
wUe8ZpdKFYI,あまりにも手加減が下手なメイド　＃Shorts #vtuber,https://www.youtube.com/shorts/wUe8ZpdKFYI,False,False,youtube_channel_shorts_tab
0hkRyme29Ho,やりすぎためんどくさいメイド #shorts #vtuber,https://www.youtube.com/shorts/0hkRyme29Ho,False,False,youtube_channel_shorts_tab
i7NM0R7HeXI,全てのゲーマーはカービィボウルをやれ #shorts #vtuber #カービィボウル,https://www.youtube.com/shorts/i7NM0R7HeXI,False,False,youtube_channel_shorts_tab
E3cKyG1YQ3k,弟にダル絡みする姉の氷室うつろ #Shorts #vtuber,https://www.youtube.com/shorts/E3cKyG1YQ3k,False,False,youtube_channel_shorts_tab
QHCxgql2AkA,ロマサガ2の攻めた選択肢に大はしゃぎのVTuber #shorts #vtuber #リベサガ,https://www.youtube.com/shorts/QHCxgql2AkA,False,False,youtube_channel_shorts_tab
T08aVzQ-Qw4,終わらせたくないメイド #shorts #vtuber,https://www.youtube.com/shorts/T08aVzQ-Qw4,False,False,youtube_channel_shorts_tab
HhnSAxTn0V8,心当たりが無いメイド #shorts #vtuber,https://www.youtube.com/shorts/HhnSAxTn0V8,False,False,youtube_channel_shorts_tab
aJXHKEHHfAY,ロマサガ…選択肢一つでここまで変わるとは…　#Shorts #vtuber  #リベサガ,https://www.youtube.com/shorts/aJXHKEHHfAY,False,False,youtube_channel_shorts_tab
ms-UcNff6gY,隙あらばめんどくさいメイド #shorts #vtuber,https://www.youtube.com/shorts/ms-UcNff6gY,False,False,youtube_channel_shorts_tab
sLPF-47aP_M,無能なのにクビに出来ないメイド #shorts #vtuber,https://www.youtube.com/shorts/sLPF-47aP_M,False,False,youtube_channel_shorts_tab
09Pc0xbNg_Y,わんこメイド #shorts #vtuber,https://www.youtube.com/shorts/09Pc0xbNg_Y,False,False,youtube_channel_shorts_tab
fYuJqKPH2as,合わせてるだけのメイド #Shorts #vtuber,https://www.youtube.com/shorts/fYuJqKPH2as,False,False,youtube_channel_shorts_tab
cN8wpo-W-9A,クソガキだと思っていたけど…… #shorts #vtuber,https://www.youtube.com/shorts/cN8wpo-W-9A,False,False,youtube_channel_shorts_tab
-QnTUFrTkZw,ニワトリVSうつろ #Shorts #vtuber,https://www.youtube.com/shorts/-QnTUFrTkZw,False,False,youtube_channel_shorts_tab
r-wKzD18BxY,騙されにくいメイド #Shorts #vtuber,https://www.youtube.com/shorts/r-wKzD18BxY,False,False,youtube_channel_shorts_tab
0UdE-mD1BgQ,ギャリーに塩対応される初見VTuber #shorts #vtuber #ib,https://www.youtube.com/shorts/0UdE-mD1BgQ,False,False,youtube_channel_shorts_tab
_2guP1EmV_4,騙されやすいメイド #Shorts #vtuber,https://www.youtube.com/shorts/_2guP1EmV_4,False,False,youtube_channel_shorts_tab
xfnkLFDnRrA,悟天の登場にショックを受ける令和のVTuber(ネタバレ注意)　＃Shorts #vtuber #ドラゴンボールZ,https://www.youtube.com/shorts/xfnkLFDnRrA,False,False,youtube_channel_shorts_tab
cKvlyrDdc1I,真理に気づいてしまった #shorts #vtuber,https://www.youtube.com/shorts/cKvlyrDdc1I,False,False,youtube_channel_shorts_tab
1tkcJDMKNic,コピーロックマンを異常な方法で倒す令和のVTuber  #Shorts #vtuber #ロックマン,https://www.youtube.com/shorts/1tkcJDMKNic,False,False,youtube_channel_shorts_tab
tPDppLs0o2Q,神　回　避 #shorts #vtuber,https://www.youtube.com/shorts/tPDppLs0o2Q,False,False,youtube_channel_shorts_tab
LtBfc41sZZo,ハヤシライスの「ハヤシ」の部分を人名だと思っているメイド #shorts #vtuber,https://www.youtube.com/shorts/LtBfc41sZZo,False,False,youtube_channel_shorts_tab
lyZxs1MmVNg,初代ロックマンがあまりにも鬼畜過ぎて闇堕ちするVTuber #Shorts #vtuber #ロックマン,https://www.youtube.com/shorts/lyZxs1MmVNg,False,False,youtube_channel_shorts_tab
FY42fMC3fy4,胸の痛みとメイド #Shorts #vtuber,https://www.youtube.com/shorts/FY42fMC3fy4,False,False,youtube_channel_shorts_tab
HlY2sXxfuQ0,魔女の家の天才的なミスリードにハマりヒロインを殺すVTuber #shorts  #vtuber #魔女の家,https://www.youtube.com/shorts/HlY2sXxfuQ0,False,False,youtube_channel_shorts_tab
LAE8buY3n4k,このエンディング有名すぎる　#shorts #vtuber #godhand,https://www.youtube.com/shorts/LAE8buY3n4k,False,False,youtube_channel_shorts_tab
uuLZl7sXTDc,青鬼史上一番有名な罠にまんまとかかる令和の初見VTuber #shorts #vtuber #青鬼,https://www.youtube.com/shorts/uuLZl7sXTDc,False,False,youtube_channel_shorts_tab
RcuJsZ-vQ4w,旅に出るメイド #Shorts #vtuber,https://www.youtube.com/shorts/RcuJsZ-vQ4w,False,False,youtube_channel_shorts_tab
C_n4gdCDBSA,セルの対戦相手にベジータを指名して爆笑するVTuber(ネタバレ注意)　＃Shorts #vtuber #ドラゴンボールZ,https://www.youtube.com/shorts/C_n4gdCDBSA,False,False,youtube_channel_shorts_tab
TvgJCrz9Osc,青鬼の謎解きを物理で解決するVTuber #shorts #vtuber #青鬼,https://www.youtube.com/shorts/TvgJCrz9Osc,False,False,youtube_channel_shorts_tab
NwGYZpZWvb8,この後何が起こるか予想出来る？ #shorts #vtuber,https://www.youtube.com/shorts/NwGYZpZWvb8,False,False,youtube_channel_shorts_tab
fkEhEa1zWzk,モーニングコールのメイド #Shorts #vtuber,https://www.youtube.com/shorts/fkEhEa1zWzk,False,False,youtube_channel_shorts_tab
kFGtavG2lrY,煽った罰を最速で受ける氷室うつろ #Shorts #vtuber,https://www.youtube.com/shorts/kFGtavG2lrY,False,False,youtube_channel_shorts_tab
vywLy2_KqCQ,結婚報告かと思ったら逮捕報告だったVTuber #shorts #vtuber,https://www.youtube.com/shorts/vywLy2_KqCQ,False,False,youtube_channel_shorts_tab
rfJj9ziasPc,オリ曲とメイド #shorts #vtuber,https://www.youtube.com/shorts/rfJj9ziasPc,False,False,youtube_channel_shorts_tab
hSXKWSyKQaY,燃え盛る屋敷の中から出てきたメイド #shorts  #vtuber,https://www.youtube.com/shorts/hSXKWSyKQaY,False,False,youtube_channel_shorts_tab
Svk-6iAvFxA,令和で一番ベジータを楽しむ女(ネタバレ注意) ＃Shorts #vtuber #ドラゴンボールZ,https://www.youtube.com/shorts/Svk-6iAvFxA,False,False,youtube_channel_shorts_tab
TOC6qHfOvbs,キッズの日のカスのおねえちゃん #shorts #vtuber,https://www.youtube.com/shorts/TOC6qHfOvbs,False,False,youtube_channel_shorts_tab
9n_h2thCw9U,留守メッセージのメイド#shorts #vtuber,https://www.youtube.com/shorts/9n_h2thCw9U,False,False,youtube_channel_shorts_tab
UeHW5SasfHo,過去一ゲラるメイド #Shorts #vtuber,https://www.youtube.com/shorts/UeHW5SasfHo,False,False,youtube_channel_shorts_tab
4KHpj1HD0iw,ワッカのあのシーンで興奮する初見VTuber #shorts #vtuber,https://www.youtube.com/shorts/4KHpj1HD0iw,False,False,youtube_channel_shorts_tab
hTsdvgdcaww,飽きられたメイド #shorts #vtuber,https://www.youtube.com/shorts/hTsdvgdcaww,False,False,youtube_channel_shorts_tab
Od_E6aTexuY,何かおかしいと思わなかったんかキマリ #shorts #vtuber,https://www.youtube.com/shorts/Od_E6aTexuY,False,False,youtube_channel_shorts_tab
jvLNs978gwY,完全初見MGSメイド、ダンボールとの出会い #Shorts #vtuber,https://www.youtube.com/shorts/jvLNs978gwY,False,False,youtube_channel_shorts_tab
1FwBLTpwkP0,あまりにも全てがヤバいミニゲーム「150人斬り」 #shorts #vtuber,https://www.youtube.com/shorts/1FwBLTpwkP0,False,False,youtube_channel_shorts_tab
i6C757B7AdU,ゴールデンウィークとメイド #shorts #vtuber,https://www.youtube.com/shorts/i6C757B7AdU,False,False,youtube_channel_shorts_tab
9BcIbdXUFgI,嫉妬深いメイド #Shorts #vtuber,https://www.youtube.com/shorts/9BcIbdXUFgI,False,False,youtube_channel_shorts_tab
vqVYuAfYLPs,僕とおねショタ屋さん #shorts #vtuber,https://www.youtube.com/shorts/vqVYuAfYLPs,False,False,youtube_channel_shorts_tab
dUmqy_VpZo8,言いたいメイド #shorts #vtuber,https://www.youtube.com/shorts/dUmqy_VpZo8,False,False,youtube_channel_shorts_tab
GvDr_r0Xigw,この世代の進化ってさあ…… #shorts #vtuber,https://www.youtube.com/shorts/GvDr_r0Xigw,False,False,youtube_channel_shorts_tab
uG7ozAoI3fg,鬼畜リスナーに弄ばれるVTuber　＃Shorts　＃VTuber,https://www.youtube.com/shorts/uG7ozAoI3fg,False,False,youtube_channel_shorts_tab
Y7V0KC2Oza0,高難易度「星のカービィ」が鬼畜過ぎて開発者と対話を始めるVTuber #shorts #vtuber,https://www.youtube.com/shorts/Y7V0KC2Oza0,False,False,youtube_channel_shorts_tab
3k-rvmwfCpE,これがこれになるのはおかしいよ #shorts #vtuber,https://www.youtube.com/shorts/3k-rvmwfCpE,False,False,youtube_channel_shorts_tab
YRYOch3PMdM,断捨離のメイド #shorts #vtuber,https://www.youtube.com/shorts/YRYOch3PMdM,False,False,youtube_channel_shorts_tab
kSkyLJeSG8o,人生初のベジータに翻弄されるVTuber(※ネタバレ注意)　＃Shorts #vtuber #ドラゴンボールZ,https://www.youtube.com/shorts/kSkyLJeSG8o,False,False,youtube_channel_shorts_tab
zH0QTjIzbm0,あまりの運の良さにカス姉になるうつろ #Shorts #vtuber,https://www.youtube.com/shorts/zH0QTjIzbm0,False,False,youtube_channel_shorts_tab
hMDwHNbpfBA,幸運のメイド #Shorts #vtuber,https://www.youtube.com/shorts/hMDwHNbpfBA,False,False,youtube_channel_shorts_tab
CW17ZTw4_SQ,笑顔のメイド #shorts #vtuber,https://www.youtube.com/shorts/CW17ZTw4_SQ,False,False,youtube_channel_shorts_tab
PmSFdOCFf5Y,昨日Shorts上げてないメイド #shorts #vtuber,https://www.youtube.com/shorts/PmSFdOCFf5Y,False,False,youtube_channel_shorts_tab
MtZ0HlNUju8,奇跡的な偶然で世界一気まずい天誅を受けるVTuber　＃Shorts  #vtuber,https://www.youtube.com/shorts/MtZ0HlNUju8,False,False,youtube_channel_shorts_tab
oDgTP-fXw1g,占いを信じるメイド #shorts #vtuber,https://www.youtube.com/shorts/oDgTP-fXw1g,False,False,youtube_channel_shorts_tab
O1noJTSUdMI,高難易度ゲー中毒のメイドが一番辛かったゲームを発表します　＃Shorts　#vtuber,https://www.youtube.com/shorts/O1noJTSUdMI,False,False,youtube_channel_shorts_tab
TTEN1K-h3M4,贅沢の基準が低すぎるカスメイド　＃Shorts #vtuber,https://www.youtube.com/shorts/TTEN1K-h3M4,False,False,youtube_channel_shorts_tab
ve1lpPFFIBs,目の前の幸せに気づいていないメイド  ＃Shorts #vtuber,https://www.youtube.com/shorts/ve1lpPFFIBs,False,False,youtube_channel_shorts_tab
6gxx9qtWGHE,自分のぬいぐるみに詰められるメイド #Shorts #vtuber,https://www.youtube.com/shorts/6gxx9qtWGHE,False,False,youtube_channel_shorts_tab
fTE9C7aTKTQ,宇宙で死んだら魂って天国に行けるの？その答えは……　＃Shorts #vtuber,https://www.youtube.com/shorts/fTE9C7aTKTQ,False,False,youtube_channel_shorts_tab
_Y1kuu_qlD8,カップルっぽい呼び名のメイド #Shorts #vtuber,https://www.youtube.com/shorts/_Y1kuu_qlD8,False,False,youtube_channel_shorts_tab
v5wvsbEfA00,チャンネルの検索ワードが酷すぎるVTuber　＃Shorts　#vtuber,https://www.youtube.com/shorts/v5wvsbEfA00,False,False,youtube_channel_shorts_tab
vC_2Av1rcCo,これはバイオレンスでは？ #shorts #vtuber,https://www.youtube.com/shorts/vC_2Av1rcCo,False,False,youtube_channel_shorts_tab
yr3XnzVsTm0,明らかに謀反しそうなメイド #shorts #vtuber,https://www.youtube.com/shorts/yr3XnzVsTm0,False,False,youtube_channel_shorts_tab
pHiIjN5zb5A,妹見捨てRTAをしてしまうメイド #Shorts #vtuber,https://www.youtube.com/shorts/pHiIjN5zb5A,False,False,youtube_channel_shorts_tab
eOfvL0BWtS4,桜井さんどうしてですか #shorts #vtuber,https://www.youtube.com/shorts/eOfvL0BWtS4,False,False,youtube_channel_shorts_tab
Zr6-wkusS2A,今日留守にするメイド　#shorts #vtuber,https://www.youtube.com/shorts/Zr6-wkusS2A,False,False,youtube_channel_shorts_tab
vwjDos1h6D4,ガチギレ絶叫！こんなことやっていいのかよ！ #shorts #vtuber,https://www.youtube.com/shorts/vwjDos1h6D4,False,False,youtube_channel_shorts_tab
qrnSY6UoNIU,策士のメイド #shorts #vtuber,https://www.youtube.com/shorts/qrnSY6UoNIU,False,False,youtube_channel_shorts_tab
dfQgf8O7FlY,とんでもない出来事でアシカになる氷室うつろ　#shorts #風来のシレン,https://www.youtube.com/shorts/dfQgf8O7FlY,False,False,youtube_channel_shorts_tab
bDTfTJCk95I,人気投票で上位に入った脇役のメイド #shorts #vtuber,https://www.youtube.com/shorts/bDTfTJCk95I,False,False,youtube_channel_shorts_tab
JGRAAhXXhF4,誇り高いと見せかけて普通にクズなメイド　＃Shorts　＃VTuber,https://www.youtube.com/shorts/JGRAAhXXhF4,False,False,youtube_channel_shorts_tab
YEcRfg5dT9g,ぶいきゃすコレクションに出るメイド #Shorts #vtuber,https://www.youtube.com/shorts/YEcRfg5dT9g,False,False,youtube_channel_shorts_tab
vbgwUPLfBaQ,無人島で絶対やってはいけないことをするVTuber #shorts,https://www.youtube.com/shorts/vbgwUPLfBaQ,False,False,youtube_channel_shorts_tab
n_F9OkeBTiQ,キスは挨拶のメイド #Shorts #vtuber,https://www.youtube.com/shorts/n_F9OkeBTiQ,False,False,youtube_channel_shorts_tab
FLAeMBwPUoE,クセの強すぎる初配信をする氷室うつろ　#shorts,https://www.youtube.com/shorts/FLAeMBwPUoE,False,False,youtube_channel_shorts_tab
Ir5-zE9P1I8,誕生日のメイド #Shorts #vtuber,https://www.youtube.com/shorts/Ir5-zE9P1I8,False,False,youtube_channel_shorts_tab
6lokw6Izw94,よくあるやつと見せかけてオチが思いがけないメイド　#shorts,https://www.youtube.com/shorts/6lokw6Izw94,False,False,youtube_channel_shorts_tab
AysvncI2S_c,現代の夏祭りを見てショックを受けるメイド #Shorts #vtuber,https://www.youtube.com/shorts/AysvncI2S_c,False,False,youtube_channel_shorts_tab
nj94R6EXjUI,自分のなりすましエ○垢を見てみたメイド　#shorts,https://www.youtube.com/shorts/nj94R6EXjUI,False,False,youtube_channel_shorts_tab
zTTXeTsJ2wo,超・神髄クリア目前に大事故を起こすVTuber #shorts  #風来のシレン6,https://www.youtube.com/shorts/zTTXeTsJ2wo,False,False,youtube_channel_shorts_tab
XIaVAp0n4LU,世間知らずなメイド #shorts #vtuber,https://www.youtube.com/shorts/XIaVAp0n4LU,False,False,youtube_channel_shorts_tab
X4MI9DoA1aI,いくらなんでも励まし方が下手なメイド　＃shorts,https://www.youtube.com/shorts/X4MI9DoA1aI,False,False,youtube_channel_shorts_tab
kHrdtZIaIys,シレン上級者ならオチが分かる動画　＃shorts  #風来のシレン,https://www.youtube.com/shorts/kHrdtZIaIys,False,False,youtube_channel_shorts_tab
P2eX1C90jak,惚れやすいメイド #shorts #vtuber,https://www.youtube.com/shorts/P2eX1C90jak,False,False,youtube_channel_shorts_tab
76jQKYa1lik,完全初見「超魔界村」でしっかりフラグ回収する氷室うつろ　＃shorts　＃超魔界村　＃切り抜き,https://www.youtube.com/shorts/76jQKYa1lik,False,False,youtube_channel_shorts_tab
qQuVVS3MtLw,マイクラ博士のキッズVS氷室うつろ #Shorts #vtuber,https://www.youtube.com/shorts/qQuVVS3MtLw,False,False,youtube_channel_shorts_tab
2tHRXATiHa8,リアルキッズVS氷室うつろ #Shorts #vtuber,https://www.youtube.com/shorts/2tHRXATiHa8,False,False,youtube_channel_shorts_tab
3r98hmzC_sw,夏デートのメイド #Shorts #vtuber,https://www.youtube.com/shorts/3r98hmzC_sw,False,False,youtube_channel_shorts_tab
W-cwlgu66cM,夏デートボイスに呼ばれなかったメイド #Shorts #vtuber,https://www.youtube.com/shorts/W-cwlgu66cM,False,False,youtube_channel_shorts_tab
7KRar3RMcK4,強いモンスターの中に混じってるスライム問題 #shorts #vtuber,https://www.youtube.com/shorts/7KRar3RMcK4,False,False,youtube_channel_shorts_tab
9phwc3YoXw4,終了のメイド #Shorts #vtuber,https://www.youtube.com/shorts/9phwc3YoXw4,False,False,youtube_channel_shorts_tab
1hH_Q6vDX48,完全初見でバラモスを倒しクリアしたはずが… #shorts #vtuber,https://www.youtube.com/shorts/1hH_Q6vDX48,False,False,youtube_channel_shorts_tab
Ev3MJUOiZHo,レッドアリーマーに心を壊されてしまい奇声が出るVTuber　＃shorts #切り抜き 切り抜き #超魔界村,https://www.youtube.com/shorts/Ev3MJUOiZHo,False,False,youtube_channel_shorts_tab
1qx8RUZFLEc,居留守のメイド #shorts #vtuber,https://www.youtube.com/shorts/1qx8RUZFLEc,False,False,youtube_channel_shorts_tab
OEvjNemlC2s,VTuber界一細かい差分のある女 #Shorts #vtuber,https://www.youtube.com/shorts/OEvjNemlC2s,False,False,youtube_channel_shorts_tab
MWefJRsE5I8,絶叫注意！化物を煽って即罰を受けるうつろ #shorts #vtuber,https://www.youtube.com/shorts/MWefJRsE5I8,False,False,youtube_channel_shorts_tab
1leREXCjVqo,そういう展開もあるおねショタ #shorts #vtuber,https://www.youtube.com/shorts/1leREXCjVqo,False,False,youtube_channel_shorts_tab
UOWTWeMh3Dg,正体が狼なメイド #Shorts #vtuber,https://www.youtube.com/shorts/UOWTWeMh3Dg,False,False,youtube_channel_shorts_tab
U1DXLH7Xb-U,閲覧注意！過去一の悲鳴が出るVTuber #shorts #vtuber,https://www.youtube.com/shorts/U1DXLH7Xb-U,False,False,youtube_channel_shorts_tab
EwR8WMTrH_E,おねショタにガチなメイド #shorts #vtuber,https://www.youtube.com/shorts/EwR8WMTrH_E,False,False,youtube_channel_shorts_tab
scVbZzTfil0,多分第三章で辺りで裏切るメイド　＃shorts　＃コント　＃氷室うつろ,https://www.youtube.com/shorts/scVbZzTfil0,False,False,youtube_channel_shorts_tab
hcXGbjeBu0s,一人だけのメイド #shorts #vtuber,https://www.youtube.com/shorts/hcXGbjeBu0s,False,False,youtube_channel_shorts_tab
Mg2qDW7cnlk,最終的にどこまでいくのかが気になるVTuber #shorts #コント #新人vtuber #氷室うつろ,https://www.youtube.com/shorts/Mg2qDW7cnlk,False,False,youtube_channel_shorts_tab
P7Y25COZHAA,99％失敗するパリィを二連続で通すVTuber #Shorts #vtuber,https://www.youtube.com/shorts/P7Y25COZHAA,False,False,youtube_channel_shorts_tab
ATZCJvaOE2k,強すぎるボスを自滅狙いのうつろ #shorts #vtuber,https://www.youtube.com/shorts/ATZCJvaOE2k,False,False,youtube_channel_shorts_tab
6v8WpIi-1_4,有能なのに口調が終わっているメイド #shorts  #コント #氷室うつろ,https://www.youtube.com/shorts/6v8WpIi-1_4,False,False,youtube_channel_shorts_tab
0iZdNzQFhTk,おねショタに厳しいメイド #Shorts #vtuber,https://www.youtube.com/shorts/0iZdNzQFhTk,False,False,youtube_channel_shorts_tab
04OcZsVr0GA,スパボン2の最悪の初見殺し #shorts #vtuber,https://www.youtube.com/shorts/04OcZsVr0GA,False,False,youtube_channel_shorts_tab
5Y2X5gz5E2M,サキュバスのメイド #shorts #vtuber,https://www.youtube.com/shorts/5Y2X5gz5E2M,False,False,youtube_channel_shorts_tab
LNMhnXqUgQ8,ファントムガノンの肌面積がすごい！！ #shorts #vtuber,https://www.youtube.com/shorts/LNMhnXqUgQ8,False,False,youtube_channel_shorts_tab
eNVWNjgJ158,ドジっ子のメイド #Shorts #vtuber,https://www.youtube.com/shorts/eNVWNjgJ158,False,False,youtube_channel_shorts_tab
PrIKkhVm9w0,幼なじみはそういう目では見ないご主人 #shorts #vtuber,https://www.youtube.com/shorts/PrIKkhVm9w0,False,False,youtube_channel_shorts_tab
RD1QaHX0cHo,母親に2000円の梨を買った中学生の末路 #Shorts #vtuber,https://www.youtube.com/shorts/RD1QaHX0cHo,False,False,youtube_channel_shorts_tab
gBBJUDrSlT8,幼なじみのメイド #shorts #vtuber,https://www.youtube.com/shorts/gBBJUDrSlT8,False,False,youtube_channel_shorts_tab
XwgX3fnpeRU,Aniに対抗するメイド #Shorts #vtuber,https://www.youtube.com/shorts/XwgX3fnpeRU,False,False,youtube_channel_shorts_tab
CtsgL53U89s,驚きすぎてコントローラーを落としてしまうVTuber #shorts  #vtuber,https://www.youtube.com/shorts/CtsgL53U89s,False,False,youtube_channel_shorts_tab
KdvyT-xYv6U,楽しみなゲームとメイド #shorts #vtuber,https://www.youtube.com/shorts/KdvyT-xYv6U,False,False,youtube_channel_shorts_tab
WB9U1bMZXVg,人生縛り最大のピンチと奇跡の打開 #Shorts #vtuber #ポケモン,https://www.youtube.com/shorts/WB9U1bMZXVg,False,False,youtube_channel_shorts_tab
ftUZ3Whjstc,とにかくモリブリンにちょっかいかけたいうつろ #shorts #vtuber,https://www.youtube.com/shorts/ftUZ3Whjstc,False,False,youtube_channel_shorts_tab
CWUPneyIqpw,初代ポケモンでさりげなく奇跡を起こすVTuber #Shorts #vtuber,https://www.youtube.com/shorts/CWUPneyIqpw,False,False,youtube_channel_shorts_tab
JOtDyJB0fFc,メイド占い #shorts #vtuber,https://www.youtube.com/shorts/JOtDyJB0fFc,False,False,youtube_channel_shorts_tab
NzJ7em2XqoI,とんでもないところにハマってしまうVTuber #Shorts #vtuber,https://www.youtube.com/shorts/NzJ7em2XqoI,False,False,youtube_channel_shorts_tab
hSLhZSXz8ss,祠を直せるメイド #Shorts #vtuber,https://www.youtube.com/shorts/hSLhZSXz8ss,False,False,youtube_channel_shorts_tab
JIeJ05tTwX4,ひな祭りのメイド #shorts #vtuber,https://www.youtube.com/shorts/JIeJ05tTwX4,False,False,youtube_channel_shorts_tab
9UmFdPHluNo,ミニのメイド #shorts #vtuber,https://www.youtube.com/shorts/9UmFdPHluNo,False,False,youtube_channel_shorts_tab
uzImiwgiSak,奇跡のタイミングで起こった衝撃の瞬間 #Shorts #vtuber,https://www.youtube.com/shorts/uzImiwgiSak,False,False,youtube_channel_shorts_tab
T5B7lMAmD3M,視聴のメイド #shorts #vtuber,https://www.youtube.com/shorts/T5B7lMAmD3M,False,False,youtube_channel_shorts_tab
S7Y9l2he3Yw,無知なメイド #Shorts #vtuber,https://www.youtube.com/shorts/S7Y9l2he3Yw,False,False,youtube_channel_shorts_tab
weiax4pBfTA,サービスが苦手な小心者の末路　#shorts #vtuber,https://www.youtube.com/shorts/weiax4pBfTA,False,False,youtube_channel_shorts_tab
yq2EiZiyC84,ビジネスおねショタのメイド #shorts #vtuber,https://www.youtube.com/shorts/yq2EiZiyC84,False,False,youtube_channel_shorts_tab
1V92qsK_ngg,仲間になったが微妙なメイド #shorts #vtuber,https://www.youtube.com/shorts/1V92qsK_ngg,False,False,youtube_channel_shorts_tab
qvILT_If2pM,とにかくすぐ適当なことを言うVTuber #Shorts #vtuber,https://www.youtube.com/shorts/qvILT_If2pM,False,False,youtube_channel_shorts_tab
1iJfIoWUY2Y,糸引き飴終売とカスのおねえちゃん #Shorts #vtuber,https://www.youtube.com/shorts/1iJfIoWUY2Y,False,False,youtube_channel_shorts_tab
hPMbuvB6Hv0,あとで仲間になりそうなメイド #shorts #vtuber,https://www.youtube.com/shorts/hPMbuvB6Hv0,False,False,youtube_channel_shorts_tab
2Vk7xrisExc,ラスボスがあまりに強くて闇堕ちするVTuber #Shorts #vtuber,https://www.youtube.com/shorts/2Vk7xrisExc,False,False,youtube_channel_shorts_tab
m7_a8THcxpE,春のメイド #shorts #vtuber,https://www.youtube.com/shorts/m7_a8THcxpE,False,False,youtube_channel_shorts_tab
2V0mOZV5rfU,アクスタを買ってほしいメイド #shorts #vtuber,https://www.youtube.com/shorts/2V0mOZV5rfU,False,False,youtube_channel_shorts_tab
GGHiDflH1m4,好感度調整のメイド #shorts #vtuber,https://www.youtube.com/shorts/GGHiDflH1m4,False,False,youtube_channel_shorts_tab
D2Hcwwf_wmQ,スカイツリーをうつろタワーに改名してあげると言われたVTuber #shorts #vtuber,https://www.youtube.com/shorts/D2Hcwwf_wmQ,False,False,youtube_channel_shorts_tab
rbe8aNEj-E0,隠しアイテムがショボすぎて感情が壊れるVTuber #shorts #ロックマンX,https://www.youtube.com/shorts/rbe8aNEj-E0,False,False,youtube_channel_shorts_tab
jxDKX2RhlTM,動画1000本目のVTuber #shorts #vtuber,https://www.youtube.com/shorts/jxDKX2RhlTM,False,False,youtube_channel_shorts_tab
VKezziCCs6s,ギャグ横領罪のメイド #shorts #vtuber,https://www.youtube.com/shorts/VKezziCCs6s,False,False,youtube_channel_shorts_tab
N2edIKb9ODA,配信が止まると揺れるVTuber #shorts #vtuber,https://www.youtube.com/shorts/N2edIKb9ODA,False,False,youtube_channel_shorts_tab
DI7mXbPSWB8,七夕にお願いしたメイド #Shorts #vtuber,https://www.youtube.com/shorts/DI7mXbPSWB8,False,False,youtube_channel_shorts_tab
AEz5_wwTKcQ,最愛のメイド #shorts #vtuber,https://www.youtube.com/shorts/AEz5_wwTKcQ,False,False,youtube_channel_shorts_tab
v4kWkJgTLb4,プレステのメモカ仕様を知らない世代のVTuber #shorts #vtuber,https://www.youtube.com/shorts/v4kWkJgTLb4,False,False,youtube_channel_shorts_tab
B1QefIx2fGQ,江戸時代カス姉ASMR #shorts #vtuber,https://www.youtube.com/shorts/B1QefIx2fGQ,False,False,youtube_channel_shorts_tab
M3DH7KaQz7k,【質問】どうして毎日配信してるの？ #shorts #vtuber,https://www.youtube.com/shorts/M3DH7KaQz7k,False,False,youtube_channel_shorts_tab
NYZ8R-ZFe3Q,夢オチなメイド #Shorts #vtuber,https://www.youtube.com/shorts/NYZ8R-ZFe3Q,False,False,youtube_channel_shorts_tab
Dy17y-6va9c,バレンタイン後のメイド　#shorts #vtuber,https://www.youtube.com/shorts/Dy17y-6va9c,False,False,youtube_channel_shorts_tab
03GOymC7Mb8,決戦は土曜日のメイド #shorts #vtuber,https://www.youtube.com/shorts/03GOymC7Mb8,False,False,youtube_channel_shorts_tab
YClKoG3Hakc,コメント欄の勢いに雑に乗るうつろ #Shorts #vtuber,https://www.youtube.com/shorts/YClKoG3Hakc,False,False,youtube_channel_shorts_tab
YR2a4dvKg3g,氷室うつろの即興マリッジブルーボイス #Shorts #vtuber,https://www.youtube.com/shorts/YR2a4dvKg3g,False,False,youtube_channel_shorts_tab
JlXNbkCMnWI,江戸時代版デスノート #Shorts #vtuber,https://www.youtube.com/shorts/JlXNbkCMnWI,False,False,youtube_channel_shorts_tab
8ncsc1EM1rM,一年の半分が終わりましたをゆるさないメイド #Shorts #vtuber,https://www.youtube.com/shorts/8ncsc1EM1rM,False,False,youtube_channel_shorts_tab
ivU9JSEirKw,スキルレベルのメイド #shorts #vtuber,https://www.youtube.com/shorts/ivU9JSEirKw,False,False,youtube_channel_shorts_tab
OqMqF_sEZJ0,半年間毎日動画投稿をしたら衝撃の結果が… #Shorts #vtuber,https://www.youtube.com/shorts/OqMqF_sEZJ0,False,False,youtube_channel_shorts_tab
NqAxkPYHkbM,Q、なんで意味無いのにずっと連打してるの？ #Shorts #vtuber,https://www.youtube.com/shorts/NqAxkPYHkbM,False,False,youtube_channel_shorts_tab
VvkMUSFDCCA,選挙のメイド #shorts #vtuber,https://www.youtube.com/shorts/VvkMUSFDCCA,False,False,youtube_channel_shorts_tab
f1LUlRQFg2s,どうして子供をキッズって呼ぶの？ #Shorts #vtuber,https://www.youtube.com/shorts/f1LUlRQFg2s,False,False,youtube_channel_shorts_tab
ekFjHFJPCh0,多分ボス戦のご主人 #shorts #vtuber,https://www.youtube.com/shorts/ekFjHFJPCh0,False,False,youtube_channel_shorts_tab
cZW0_Lq-ER0,レトロゲーの攻めた描写に大はしゃぎするVTuber #shorts #vtuber,https://www.youtube.com/shorts/cZW0_Lq-ER0,False,False,youtube_channel_shorts_tab
1uGj_SS8gDY,ご主人様とマッチングしてしまったメイド #Shorts #vtuber,https://www.youtube.com/shorts/1uGj_SS8gDY,False,False,youtube_channel_shorts_tab
RxBMVnBfS5E,【GIFアニメ】ダブルソーダとカスのおねえちゃん #shorts #vtuber,https://www.youtube.com/shorts/RxBMVnBfS5E,False,False,youtube_channel_shorts_tab
hXcQk4ngUWc,正直なツンデレ　#shorts #vtuber,https://www.youtube.com/shorts/hXcQk4ngUWc,False,False,youtube_channel_shorts_tab
yMNrj76vi2Y,NintendoSwitch２が手に入ったメイド #Shorts #vtuber #nintendoswitch2,https://www.youtube.com/shorts/yMNrj76vi2Y,False,False,youtube_channel_shorts_tab
OBTMrgmLWlk,節分のメイド #shorts #vtuber,https://www.youtube.com/shorts/OBTMrgmLWlk,False,False,youtube_channel_shorts_tab
ZSV4rSDas9M,ようかいけむりを教えてくれるカスのおねえちゃん #shorts #vtuber,https://www.youtube.com/shorts/ZSV4rSDas9M,False,False,youtube_channel_shorts_tab
EOVikYGZ_dQ,【質問】どうして毎日違うゲームやってるの？　#shorts #vtuber,https://www.youtube.com/shorts/EOVikYGZ_dQ,False,False,youtube_channel_shorts_tab
vMpnTBnZNwg,やってそうなメイド #shorts #vtuber,https://www.youtube.com/shorts/vMpnTBnZNwg,False,False,youtube_channel_shorts_tab
bG2mBjKIzHk,ありえない詰み方を発見してしまうVTuber #shorts #vtuber,https://www.youtube.com/shorts/bG2mBjKIzHk,False,False,youtube_channel_shorts_tab
xG-cdLyS8zk,世界一かわいいメイド #shorts #vtuber,https://www.youtube.com/shorts/xG-cdLyS8zk,False,False,youtube_channel_shorts_tab
VHb-UMGfbsI,圧が強いVTuber #shorts #vtuber,https://www.youtube.com/shorts/VHb-UMGfbsI,False,False,youtube_channel_shorts_tab
e1kIIyJj4zk,マリオ2で謎の乱数を調整してくるミサトさん　#Shorts #vtuber,https://www.youtube.com/shorts/e1kIIyJj4zk,False,False,youtube_channel_shorts_tab
EsfYvPWzaaQ,話題がダルすぎるカスのおねえちゃん　#Shorts #vtuber,https://www.youtube.com/shorts/EsfYvPWzaaQ,False,False,youtube_channel_shorts_tab
D3o1KlthfVM,【開封】ニンテンドー64ソフトお楽しみ袋開封！！ #shorts #vtuber,https://www.youtube.com/shorts/D3o1KlthfVM,False,False,youtube_channel_shorts_tab
Ou03ImzN12k,マリオ2が意地悪すぎてバグを疑うVTuber #Shorts #vtuber,https://www.youtube.com/shorts/Ou03ImzN12k,False,False,youtube_channel_shorts_tab
D3uSz1urFmY,難しすぎて逆にウケてしまううつろ #shorts #vtuber,https://www.youtube.com/shorts/D3uSz1urFmY,False,False,youtube_channel_shorts_tab
liqJ1DDaulg,転生後のVTuber #shorts #vtuber,https://www.youtube.com/shorts/liqJ1DDaulg,False,False,youtube_channel_shorts_tab
lsUZznoVA-0,自由すぎるゲームで伝説のネットミームに出会ってしまうVTuber #shorts #vtuber #シャドウゲイト,https://www.youtube.com/shorts/lsUZznoVA-0,False,False,youtube_channel_shorts_tab
0uqfr78pIgw,ゴエモンシリーズファンはかかる罠 #shorts #vtuber,https://www.youtube.com/shorts/0uqfr78pIgw,False,False,youtube_channel_shorts_tab
IZWgTtucY50,ゲーセンのノートとカスのおねえちゃん #Shorts #vtuber,https://www.youtube.com/shorts/IZWgTtucY50,False,False,youtube_channel_shorts_tab
N5Oq5favo5U,steamを活用するヤンデレのメイド #shorts #vtuber,https://www.youtube.com/shorts/N5Oq5favo5U,False,False,youtube_channel_shorts_tab
gcDkMBDsyGw,ドキドキアクションゲーム初見悲鳴集 #shorts #vtuber,https://www.youtube.com/shorts/gcDkMBDsyGw,False,False,youtube_channel_shorts_tab
EdYiddume6c,ジューンブライドボイスに呼ばれなかったメイド #shorts #vtuber,https://www.youtube.com/shorts/EdYiddume6c,False,False,youtube_channel_shorts_tab
dqQKbPNafRs,高レベルなドジっ子のメイド #shorts #vtuber,https://www.youtube.com/shorts/dqQKbPNafRs,False,False,youtube_channel_shorts_tab
5PELi_uDRQg,絶対結婚してほしいメイド #Shorts #vtuber,https://www.youtube.com/shorts/5PELi_uDRQg,False,False,youtube_channel_shorts_tab
Or0gOYjWKyA,ハードルの高いツンデレ #Shorts #vtuber,https://www.youtube.com/shorts/Or0gOYjWKyA,False,False,youtube_channel_shorts_tab
yLyw7WWWF-k,あまりのPONに犬になるVTuber #shorts #vtuber,https://www.youtube.com/shorts/yLyw7WWWF-k,False,False,youtube_channel_shorts_tab
was8VFjdCZc,人生初のルイージで翻弄されるVTuber #shorts #vtuber,https://www.youtube.com/shorts/was8VFjdCZc,False,False,youtube_channel_shorts_tab
-zjhjl3-sX4,怪獣のメイド #shorts #vtuber,https://www.youtube.com/shorts/-zjhjl3-sX4,False,False,youtube_channel_shorts_tab
41npG8NvXhE,マリオ2の地獄仕様に初めて出会うVTuber #Shorts #vtuber,https://www.youtube.com/shorts/41npG8NvXhE,False,False,youtube_channel_shorts_tab
q_0IBf6CYIk,イマジナリーお母さんに叱られるうつろ #shorts #vtuber,https://www.youtube.com/shorts/q_0IBf6CYIk,False,False,youtube_channel_shorts_tab
y0pLe9w_XzM,カスのおねえちゃんに乗っ取られるうつろ #Shorts #vtuber,https://www.youtube.com/shorts/y0pLe9w_XzM,False,False,youtube_channel_shorts_tab
NYDYSmU4gec,転生したVTuber #shorts #vtuber,https://www.youtube.com/shorts/NYDYSmU4gec,False,False,youtube_channel_shorts_tab
qH7i2p-lno0,煽られたことを大声でチクるうつろ #shorts #vtuber  #dbd #dbdshorts,https://www.youtube.com/shorts/qH7i2p-lno0,False,False,youtube_channel_shorts_tab
1oymQImMSBw,同意のメイド #shorts #vtuber,https://www.youtube.com/shorts/1oymQImMSBw,False,False,youtube_channel_shorts_tab
JdfR9EsnixU,この顔のメイド #shorts #vtuber,https://www.youtube.com/shorts/JdfR9EsnixU,False,False,youtube_channel_shorts_tab
B0PlxidqdiE,ハート目のメイド #shorts #vtuber,https://www.youtube.com/shorts/B0PlxidqdiE,False,False,youtube_channel_shorts_tab
DLW12ME4BP4,カス姉動画のキッズの年齢 #shorts #vtuber,https://www.youtube.com/shorts/DLW12ME4BP4,False,False,youtube_channel_shorts_tab
5zxelbQpfSw,見分けてほしいメイド #shorts #vtuber,https://www.youtube.com/shorts/5zxelbQpfSw,False,False,youtube_channel_shorts_tab
5hhZBus6Bts,おねえちゃんポルシェVSターボマン #shorts #vtuber #ロックマン,https://www.youtube.com/shorts/5hhZBus6Bts,False,False,youtube_channel_shorts_tab
tL3mZk-V1nU,完全初見VTuberが「ロックマン7」の8ボス名前当てに挑む #Shorts #vtuber #ロックマン7,https://www.youtube.com/shorts/tL3mZk-V1nU,False,False,youtube_channel_shorts_tab
Od8OVD8HrcY,迷いの森でまんまと迷って悪い金持ちになるうつろ #shorts #vtuber,https://www.youtube.com/shorts/Od8OVD8HrcY,False,False,youtube_channel_shorts_tab
Hw6dKMOIgvo,神経衰弱で勝てずに壊れてしまうVTuber #shorts  #vtuber #ワギャンランド,https://www.youtube.com/shorts/Hw6dKMOIgvo,False,False,youtube_channel_shorts_tab
wHDuRWuZ5YA,半年経ったメイド #shorts #vtuber,https://www.youtube.com/shorts/wHDuRWuZ5YA,False,False,youtube_channel_shorts_tab
e-cYtRBVxZk,微妙に信じていいか迷うメイド #shorts #vtuber,https://www.youtube.com/shorts/e-cYtRBVxZk,False,False,youtube_channel_shorts_tab
v4u3Zymj83Q,NintendoSwitch2の抽選にまた外れたメイド #shorts #vtuber #nintendoswitch2,https://www.youtube.com/shorts/v4u3Zymj83Q,False,False,youtube_channel_shorts_tab
UrG5jc7UhXE,普通にショタコンのメイド #shorts #vtuber,https://www.youtube.com/shorts/UrG5jc7UhXE,False,False,youtube_channel_shorts_tab
cNstecFqxJI,動画がバズったメイド #Shorts #vtuber,https://www.youtube.com/shorts/cNstecFqxJI,False,False,youtube_channel_shorts_tab
hEjxaRaqeb8,3ヶ月間動画を毎日投稿したらどのくらい登録者が増えるのか？ #Shorts #vtuber,https://www.youtube.com/shorts/hEjxaRaqeb8,False,False,youtube_channel_shorts_tab
EH4kW3SPnZY,連打ＡＳＭＲうつろ #Shorts #vtuber,https://www.youtube.com/shorts/EH4kW3SPnZY,False,False,youtube_channel_shorts_tab
pP2a5T8YcEY,帰宅したメイド #Shorts #vtuber,https://www.youtube.com/shorts/pP2a5T8YcEY,False,False,youtube_channel_shorts_tab
QrUmzMIy2oU,ドパメイド #shorts #vtuber,https://www.youtube.com/shorts/QrUmzMIy2oU,False,False,youtube_channel_shorts_tab
xeewlQJM5rs,VTuberの「大事なお知らせ」の件 #Shorts #vtuber,https://www.youtube.com/shorts/xeewlQJM5rs,False,False,youtube_channel_shorts_tab
PKKqmfvM5uk,ご主人様と恋人になったことに慣れないメイド ＃Shorts #vtuber,https://www.youtube.com/shorts/PKKqmfvM5uk,False,False,youtube_channel_shorts_tab
VCAsjt6mL70,自分をベジータの飲み友達だと思い込んでいるVTuber＃Shorts #vtuber #ドラゴンボールZ,https://www.youtube.com/shorts/VCAsjt6mL70,False,False,youtube_channel_shorts_tab
CW2_tAEfe68,恐らくご主人のものを売り払っているメイド ＃Shorts #vtuber,https://www.youtube.com/shorts/CW2_tAEfe68,False,False,youtube_channel_shorts_tab
Q2KzzKXNvGQ,ンバマを疑いだして疑心暗鬼になる可哀想な風来人　＃Shorts　＃vtuber #風来のシレン6,https://www.youtube.com/shorts/Q2KzzKXNvGQ,False,False,youtube_channel_shorts_tab
qe91FLiP_ns,Shorts動画を毎日投稿したら一ヶ月でどのくらい登録者が増えるのか？　＃Shorts　#vtuber,https://www.youtube.com/shorts/qe91FLiP_ns,False,False,youtube_channel_shorts_tab
DMiLgXU3E4o,令和ではなかなか無い厳しすぎるゲーム仕様 #Shorts #vtuber,https://www.youtube.com/shorts/DMiLgXU3E4o,False,False,youtube_channel_shorts_tab
sWxXf0mqBlE,ベジータ結婚のショックで最悪の計算をするVTuber(ネタバレ注意)　＃Shorts #vtuber #ドラゴンボールZ,https://www.youtube.com/shorts/sWxXf0mqBlE,False,False,youtube_channel_shorts_tab
q3Cz-dMA2Cs,ホラー雑魚VTuber(閲覧注意)　＃Shorts #vtuber,https://www.youtube.com/shorts/q3Cz-dMA2Cs,False,False,youtube_channel_shorts_tab
oPZMUDh-cL4,重い上に早いメイド #shorts #vtuber,https://www.youtube.com/shorts/oPZMUDh-cL4,False,False,youtube_channel_shorts_tab
QfngP89RMS0,ベジータの結婚で壊れたVTuber(ネタバレ注意)　＃Shorts #vtuber #ドラゴンボールZ,https://www.youtube.com/shorts/QfngP89RMS0,False,False,youtube_channel_shorts_tab
1Tbtkd2aDWw,おねショタ屋さん #shorts #vtuber,https://www.youtube.com/shorts/1Tbtkd2aDWw,False,False,youtube_channel_shorts_tab
-PhwfySJOUY,後出し設定で勝ちヒロインになろうとしているメイド ＃Shorts #vtuber,https://www.youtube.com/shorts/-PhwfySJOUY,False,False,youtube_channel_shorts_tab
d-IgptThTSI,色々と伝説のゲーム「悪代官」ではしゃぐうつろ #shorts #vtuber,https://www.youtube.com/shorts/d-IgptThTSI,False,False,youtube_channel_shorts_tab
TdONgMISAsc,勝ちヒロインなメイド #shorts #vtuber,https://www.youtube.com/shorts/TdONgMISAsc,False,False,youtube_channel_shorts_tab
UQQuBPF1ZbE,正義の味方を罠にかけるゲームで大惨事を起こすメイド #Shorts #vtuber,https://www.youtube.com/shorts/UQQuBPF1ZbE,False,False,youtube_channel_shorts_tab
e_7EgMDbRxw,登録者〇〇人耐久のジレンマ　＃Shorts #vtuber,https://www.youtube.com/shorts/e_7EgMDbRxw,False,False,youtube_channel_shorts_tab
N96s6Fz7D-c,「星のカービィ」が実は初見殺し鬼畜ゲーな件　＃Shorts ＃VTuber,https://www.youtube.com/shorts/N96s6Fz7D-c,False,False,youtube_channel_shorts_tab
TbY6nZ8CYUE,ハイプはすごいぞのメイド #Shorts #vtuber #hype,https://www.youtube.com/shorts/TbY6nZ8CYUE,False,False,youtube_channel_shorts_tab
n-uwT2_9UI0,リアル弟に激詰めされる幻聴が聞こえる姉VTuber　＃Shorts #vtuber,https://www.youtube.com/shorts/n-uwT2_9UI0,False,False,youtube_channel_shorts_tab
-UbualyL7tQ,始業式煽りをするカスのおねえちゃん #shorts #vtuber,https://www.youtube.com/shorts/-UbualyL7tQ,False,False,youtube_channel_shorts_tab
9CS78zVNBww,みなさまに高評価の真実をお伝えします……　 ＃Shorts #vtuber,https://www.youtube.com/shorts/9CS78zVNBww,False,False,youtube_channel_shorts_tab
GItTYMaNAG8,とんでもない確率で失敗する逆に運の良い風来人　 #shorts  #風来のシレン6,https://www.youtube.com/shorts/GItTYMaNAG8,False,False,youtube_channel_shorts_tab
XaUXrqOB0FM,全てが手遅れなメイド ＃Shorts #vtuber,https://www.youtube.com/shorts/XaUXrqOB0FM,False,False,youtube_channel_shorts_tab
LjpyN3Xw4p0,うどん好きVTuberが許せないこと #Shorts #vtuber,https://www.youtube.com/shorts/LjpyN3Xw4p0,False,False,youtube_channel_shorts_tab
OA7Y1Ef3qDo,ぬいぐるみとメイド #Shorts #vtuber,https://www.youtube.com/shorts/OA7Y1Ef3qDo,False,False,youtube_channel_shorts_tab
JQf5e4hRH5Q,絶叫注意！ビビり過ぎて物理的に負傷してしまうVTuber #shorts #vtuber,https://www.youtube.com/shorts/JQf5e4hRH5Q,False,False,youtube_channel_shorts_tab
q7hYtzHQEGo,あの有名ネットミームを生で見る #shorts #vtuber,https://www.youtube.com/shorts/q7hYtzHQEGo,False,False,youtube_channel_shorts_tab
CSzzzFpY2P4,お盆休みが無かったはずのVTuber #Shorts #vtuber,https://www.youtube.com/shorts/CSzzzFpY2P4,False,False,youtube_channel_shorts_tab
LjDfau9wApI,探してたあの曲 #shorts #vtuber,https://www.youtube.com/shorts/LjDfau9wApI,False,False,youtube_channel_shorts_tab
AuQZ2_CNaZY,悲鳴注意！びっくりで一線を越えるVTuber #shorts #vtuber,https://www.youtube.com/shorts/AuQZ2_CNaZY,False,False,youtube_channel_shorts_tab
9iHvU5IiRnw,ラブコメで便利に使われるメイド #shorts #vtuber,https://www.youtube.com/shorts/9iHvU5IiRnw,False,False,youtube_channel_shorts_tab
zxEhW1y68Hw,リスナーに負けをプレゼントするメイド #Shorts #vtuber,https://www.youtube.com/shorts/zxEhW1y68Hw,False,False,youtube_channel_shorts_tab
QRGYXjuGsDM,3万人達成の瞬間に遊ばれるVTuber #Shorts #vtuber,https://www.youtube.com/shorts/QRGYXjuGsDM,False,False,youtube_channel_shorts_tab
YwVzdfl7P_o,今週末誕生日のメイド #Shorts #vtuber,https://www.youtube.com/shorts/YwVzdfl7P_o,False,False,youtube_channel_shorts_tab
kTgR4KG2xWc,嫉妬のメイド　#shorts #vtuber,https://www.youtube.com/shorts/kTgR4KG2xWc,False,False,youtube_channel_shorts_tab
7oTuenWQ_-Y,ペットの犬から人間になったメイド  #shorts #vtuber,https://www.youtube.com/shorts/7oTuenWQ_-Y,False,False,youtube_channel_shorts_tab
AT29KErcXWk,グラードンがかわいそう #shorts #vtuber,https://www.youtube.com/shorts/AT29KErcXWk,False,False,youtube_channel_shorts_tab
KmeLG5pq9CY,ONICHAのメイド #shorts #vtuber,https://www.youtube.com/shorts/KmeLG5pq9CY,False,False,youtube_channel_shorts_tab
cuEBvZYdeGk,同接3000万人VTuberうつろ #shorts #vtuber,https://www.youtube.com/shorts/cuEBvZYdeGk,False,False,youtube_channel_shorts_tab
K1fW0Io9dqQ,遂に最強初見●し本編をやるうつろ #shorts #vtuber,https://www.youtube.com/shorts/K1fW0Io9dqQ,False,False,youtube_channel_shorts_tab
k5at4z9jIrk,正月ボケのメイド #shorts #vtuber,https://www.youtube.com/shorts/k5at4z9jIrk,False,False,youtube_channel_shorts_tab
49dJ8RIgVTk,誕生日よりゲームが優先のVTuber #Shorts #vtuber,https://www.youtube.com/shorts/49dJ8RIgVTk,False,False,youtube_channel_shorts_tab
kcWXR6ZNWb0,いたずらリスナーを詰めるVTuber #Shorts #vtuber,https://www.youtube.com/shorts/kcWXR6ZNWb0,False,False,youtube_channel_shorts_tab
EGWsrBaAIlg,よそ見を許さないメイド #Shorts #vtuber,https://www.youtube.com/shorts/EGWsrBaAIlg,False,False,youtube_channel_shorts_tab
oKciAFnlEsw,「緑の夢」イベントで自由すぎる発想をしてしまうVTuber　#shorts  #vtuber #クロノトリガー,https://www.youtube.com/shorts/oKciAFnlEsw,False,False,youtube_channel_shorts_tab
W1xwhoCBUW8,キッズに協力させるカスのおねえちゃん #shorts #vtuber,https://www.youtube.com/shorts/W1xwhoCBUW8,False,False,youtube_channel_shorts_tab
Wy6P8hw4Tcw,適当すぎるノリでギャンブルに勝ち音割れ絶叫するメイド #Shorts #vtuber #がんばれゴエモン,https://www.youtube.com/shorts/Wy6P8hw4Tcw,False,False,youtube_channel_shorts_tab
kATVfj50vyA,雑魚狩りをしようとした者の末路 #Shorts #vtuber  #リベサガ,https://www.youtube.com/shorts/kATVfj50vyA,False,False,youtube_channel_shorts_tab
Js0Chx7_rU0,このバグ知ってる？青鬼のありえないバグを見つけてしまうVTuber #shorts #vtuber #青鬼,https://www.youtube.com/shorts/Js0Chx7_rU0,False,False,youtube_channel_shorts_tab
2LhEoSNjPI8,Wikiの人気記事を戦わせるゲームで事故るVTuber ＃Shorts #vtuber,https://www.youtube.com/shorts/2LhEoSNjPI8,False,False,youtube_channel_shorts_tab
q7x4RaE48QU,ご主人様とのフラグにやたら過敏なメイド　＃Shorts #vtuber,https://www.youtube.com/shorts/q7x4RaE48QU,False,False,youtube_channel_shorts_tab
